Classificacao,Text
A FAVOR,O #Triplex atribu√≠do a #Lula tem um #Elevador privativo que liga os andares do apartamento https://t.co/gtlM4Zj7d2 #Guaruj√° https://t.co/4F3nkQIEla
A FAVOR,"#Ladr√£o #preso, #Lula d√° #falsa #sensa√ß√£o de #liberdade ao #covil do PT https://t.co/tyHDjaGcZe #politica"
A FAVOR,"#FHC apostou em #Lula esperando que este seria um desastre e ele,FHC, voltaria nos bra√ßos do povo. Deu tudo errado e foi jogado no ostracismo, onde ficou por anos, escondido por um PSDB envergonhado,que nunca defendeu o legado das suas administra√ß√µes. Um be√≥cio sem classifica√ß√£o"
A FAVOR,#Lula pediu que o ministro do Supremo Edson Fachin recuse o #Pedido da Procuradoria-Geral da Rep√∫blica para que um processo contra o ex-presidente n√£o seja enviado ao juiz S√©rgio #Moro https://t.co/ppJaFDhGhi #PGR #Stf https://t.co/wo2ls7GTHI
CONTRA,"#FHC, na minha vis√£o, √© o respons√°vel direto por tudo isto que aconteceu no pa√≠s, apos ter deixado o governo. Quando sugeriu que esquecessem tudo que escreveu e disse, j√° mostrava a verdadeira personalidade ou a falta dela. Foi o principal cabo eleitoral de #Lula em 2002."
CONTRA,@jandira_feghali Mas o que o #DiaMundialDoLivro tem a ver com o #Lula ?
A FAVOR,#Lula fora da cadeia em breve! https://t.co/MduEiYnchv
CONTRA,O @STF_oficial est√° brincando com fogo ao for√ßar um argumento falacioso para soltar o traidor-mor da P√°tria. Tomara que respeitem a combalida justi√ßa deste sofrido pa√≠s. #Bolsonaro2018 #Lula
CONTRA,"Visitas a #Lula ? V√£o trabalhar #ladroes filhos da puta , vermes cara de pau. V√£o tudo tomar no cu ! #Caralho , essa #corja de bandidos faz e desfaz , n√£o tem ningu√©m que os impe√ßam ? @dilmabr vai trabalhar #anta , voc√™ tamb√©m @gleisi #amante #safada @LulapeloBrasil @STF_oficial"
CONTRA,"@deltanmd @JornalOGlobo Senhor, n√≥s os brasileiros queremos saber como condenaram o #Lula por um triplex #atribu√≠do √† ele se agora vemos que as #provas n√£o correspondem aos fatos narrados no processo. Deixa de ficar reproduzindo not√≠cias e venha aqui postar sua defesa, pois voc√™s tem muito a explicar."
A FAVOR,"#Dilma, #Gleisi #Hoffiman e #Lindbergh √© impedidos de fazer visita ao #ex #presidente #Lula
 https://t.co/wZfWbVuOJ4 via @YouTube"
A FAVOR,"‚ö†#ELEI√á√ÉO2018üó≥‚ö†
üëâhttps://t.co/FLnwIn7L4f
üëâ#S√ì! O QUE INTERESSA A Fam√≠glia #MARINHO's @redeglobo &amp; #TV's DO #BRASILüáßüá∑‚ñà
#Televis√£o #Pol√≠tica #Corrup√ß√£o #Lula #Dilma #PT #Alckmin #PSDB #Temer #PMDB #Elei√ß√£o
,,#QU√ä? #DEMOCRACIA QUEREM PRO #BRASILüáßüá∑‚ñà 
#Ningu√©mViuT√Å?!
üôà‚ñà"
A FAVOR,"#PT reafirma candidatura de #Lula √† presid√™ncia da Rep√∫blica
https://t.co/OMPst7UFYM"
A FAVOR,"#PT reafirma candidatura de #Lula √† presid√™ncia da Rep√∫blica
https://t.co/jXmjeKpZWJ"
A FAVOR,"Na Fotoarena, cobertura da visita da ex-presidente #Dilma #Rousseff ao acampamento em apoio a ex-presitende #Lula, em frente √† sede da Pol√≠cia Federal, em Curitiba. https://t.co/fXdm3WBZ7f https://t.co/ndWJegtxgU"
A FAVOR,O diret√≥rio do #PT formalizou a candidatura de #Lula √† Presid√™ncia da Rep√∫blica https://t.co/59Hd6VmLKU #Presid√™nciaDaRep√∫blica https://t.co/uitOd4UF23
A FAVOR,@cinepop Ele s√≥ quer saber do #Lula agora
A FAVOR,"Vamos todos solicitar visitas ao #Lula, vamos!  √â s√≥ copiar o Martinho da Vila, enviando e-mail! #LulaLivre #DiaMundialdoLivro #LulaPresoPolitico https://t.co/hsDzNLIeBX"
A FAVOR,Globo tentou entenda esconder #Lula liderando com mais do dobro de votos do segundo colocado! #LulaLivre https://t.co/Rb5XJL0Kdv
A FAVOR,Diret√≥rio do #PT formaliza candidatura de #Lula para presidente: Imagem: Reprodu√ß√£o / Redes‚Ä¶ https://t.co/JaTiZVWDzL
A FAVOR,"O senador @lindberghfarias fala da decis√£o da justi√ßa em impedir a visita da @dilmarousseff13 ao amigo #Lula, comenta sobre a justi√ßa barrar tb a visita de deputados. E o esperado ‚Äúboa noite presidente Lula‚Äù dessa vez teve o sotaque sergipano com @RogerioPT13 @MarcioMacedoPT https://t.co/zlDfQNeMzL"
A FAVOR,"@augusto0269 @cenossaum @requiaopmdb Nossa, √© o mesmo discurso, com as mesmas palavras... Parece papagaio. Quer saber? Meu pai foi militante do #PT nos anos 80 e 90, votamos no #Lula em 2002 e fomos comemorar a vit√≥ria dele na Paulista. S√≥ que pensamos. Isso nos diferencia."
A FAVOR,"Voc√™ Errou Luis... https://t.co/GTiR7zdXJZ via @YouTube

#Lula"
CONTRA,"Podem at√© soltar o #Lula. O que eu n√£o acredito. Mas, ele j√° est√° morto politicamente. Isto √© o que importa."
CONTRA,"Sabe o que aconteceu, @CheZeGuevara? A estrat√©gia de voc√™s foi t√£o boa que mandou o seu Guru #Lula pra pris√£o perp√©tua. Triste, hein? Voc√™s s√£o muito burros."
A FAVOR,"""N√£o faz bem para o Pa√≠s #Lula preso"", disse Marcos Val√©rio, operador do #Mensal√£o https://t.co/PIoIWKCY6a #Entrevista #MarcosVal√©rio #Pris√£o https://t.co/FHxwn4tFPO"
CONTRA,"Se o #Lula, ou a #Dilma, ou at√© mesmo, o #Temer, fizeram algo pelo #Brasil, aprendam uma coisa: eles fizeram mais que a obriga√ß√£o de quem foi #eleito pelo #povo, e ainda fizeram pouco, perto do que esse #pa√≠s precisa!"
A FAVOR,"Em #Carta, o ex-presidente #Lula disse para o #PT ""ficar √† vontade"" ao decidir sobre a #Candidatura √† Presid√™ncia da Rep√∫blica https://t.co/o6AdRqaGeV #GleisiHoffmann #Leitura #Presid√™nciaDaRep√∫blica https://t.co/a7Q5mgDWQw"
A FAVOR,"De acordo com o PT, que considera a condena√ß√£o e pris√£o do ex-presidente injustas, ""a liberdade de Lula tornou-se quest√£o central para a retomada do processo democr√°tico no Brasil"".

#lula #pt #elei√ß√µes #dgabc https://t.co/dWw8Am815V"
CONTRA,"Deve ser o mesmo que #Lula fez, veja aonde ele est√° agora. https://t.co/jH8q5HAQ6W"
A FAVOR,"Seu @BlogdoJuca em 17, torcia para o Vit√≥ria ficar na s√©rie A para termos mais representatividade dos Nordeste, claramente sendo preconceituoso contra o Sul do pa√≠s. Mas n√£o, isso √© s√≥ opini√£o. Quando um sulista manda prender o #lula, a√≠ e preconceito. https://t.co/y54SlWWHLa"
A FAVOR,"O juiz mais tosco, p√≠fio e Z√© Ruela de todo Judici√°rio s√≥ perde pro Moro Vergonha Alheia e pra Moura Carcereira #LulaValeALuta #Lula #LulaLivreJ√° #LulaLala https://t.co/xUjI0PlfYP"
A FAVOR,Ju√≠za n√£o permite que Dilma e amigos visitem Lula na pris√£o https://t.co/QSfV4da9bf #BlogdaKatyta #Dilma #ju√≠za #Lula #pris√£o #visita via @KatytaSV
A FAVOR,Justicia de Brasil niega visita de Dilma a #Lula da Silva ‚ñ∫https://t.co/DwWVkVXZrq
CONTRA,Isso ja ta virando vergonha alheia... #LulaPreso #Lula https://t.co/pHcohH2Vdz
A FAVOR,@CorteIDH @guardian @gleisi @OEA_oficial @ONU_derechos @CIDH @NewYorkTimes11 @brasil247 @theintercept @lemondefr @wadih_damous @J_LIVRES @DeputadoFederal @FoxNews @CNJ_oficial @MPF_CNMP @DCM_online @Pontifex_es @elpais_brasil O CIDH precisa intervir URGENTE. Moro precisa ser notificado sobre poss√≠veis atos extremos que poder√£o ser praticado contra #Lula. Ele j√° √© suspeito e precisa ser afastado imediatamente e #Lula solto. Est√£o sendo DESUMANO COM LULA ! J√° avisei in√∫meras vezes √† ONU OEA E CIDH
CONTRA,todo mundo querendo visitar o #lula na cadeia... sr #moro arrumar uma vaguinha para todos eles... sei que nao sera dificil üòâüëç #lula
A FAVOR,"@OduwaldoCalixto @partidonovo30 E lembrando que o F√¥ro de origem do processo contra #Lula , √â da cidade de Guaruj√°-SP, onde o processo ocorrido absolveu todos implicados no Triplex, menos o #Lula que o juiz Moro desmembro, usurpou o F√¥ro para Curitiba-PR e montaram a Farsa para condenar 1 inocente: https://t.co/7LaYkpfybq"
CONTRA,"#SegundaDetremuraSDV 
Estou em processo de resili√™ncia...
Bem #Lula"
A FAVOR,Ju√≠za n√£o permite que Dilma e amigos visitem Lula na pris√£o https://t.co/FGbp5d8xJH #BlogdaKatyta #Dilma #ju√≠za #Lula #pris√£o #visita via @KatytaSV
CONTRA,J√° descidi ou #Lula ou #Anula
A FAVOR,Entrevista de cliente para a @gazetadopovo sobre a atualiza√ß√£o das redes sociais do ex-presidente Lula #DireitoEleitoral #Lula #RedesSociais #AssessoriadeComunica√ß√£o #Cliente https://t.co/LiRx8sKrUW
A FAVOR,@ArrudaLiege @Elane_FSG @pahega @EricBattistelli @ElaineG16 @Mavsampaio @JotaKar @hamenteslivres @Lelecoutz @MariaTerezaNav1 @mmarescast @Odracyra @Gabriel6828 Achei isso o c√∫mulo do absurdo uma ditadura diretamente direcionada a #LULA  o povo precisa sair da casinha e acorda pra vida! #LulaLivre https://t.co/QeBg1brtuD
A FAVOR,#Lula ser√° solto pela segunda turma da #CorteBolivariana da #Impunidade. https://t.co/oR8RhyPYY5
A FAVOR,"Ap√≥s ter visita a #Lula barrada, #Dilma disse que at√© na ditadura era poss√≠vel receber amigos https://t.co/cBBIATWtgb #Pris√£o https://t.co/x3gNynawgF"
A FAVOR,"#Lula, o #corrupto, #pede #para #Fachin #negar #pedido da PGR e #n√£o #enviar #processo a‚Ä¶ https://t.co/dJ08jPqsa2"
A FAVOR,Lula diz que PT pode ficar √† vontade para decidir sobre candidatura - #Lula https://t.co/JZS0ZZvSVG
A FAVOR,Recurso de Lula ser√° julgado em sess√£o virtual do STF - #Lula https://t.co/ILylc6LHfi
A FAVOR,#CNJ inicia julgamento em que #Moro √© acusado de violar Constitui√ß√£o com √°udio de #Lula e #Dilma https://t.co/zmxpovyEIv
A FAVOR,"Resolu√ß√£o do  Diret√≥rio Nacional reafirma candidatura de Lula!
#LulaLivre #Lula Presidente"
CONTRA,@JornalOGlobo Hahahahaa quem tem üç© tem medo neh #Lula
A FAVOR,"O "" √≥bvio uLULAnte √© 
#LULA LIVRE#.
Paz Presidente !"
A FAVOR,"√â muita emo√ß√£o, amigos! Todos os companheiros reunidos num √∫nico pensamento: passar a energia positiva desse acampamento inteiro, da nossa gente que quer #Lulalivre, num ‚Äúboa noite, presidente‚Äù! Eu sou #Lula! N√≥s somos Lula! https://t.co/g7f0VB2ExM"
A FAVOR,Fachin manda recurso de #Lula contra pris√£o para 2¬™ Turma do #STF: Imagem: Reprodu√ß√£oO‚Ä¶ https://t.co/4NxLN0pqQR
A FAVOR,"Ser√° que agora o pessoal come√ßar√° a entender porque entidades como a FIESP patrocinaram o golpe e os fizeram de pato? Que est√£o querendo que o povo se exploda porque, para eles, o que importa √© o lucro?

#LulaValeALuta #LulaLivre #Lula https://t.co/wxCxGB6KZN"
CONTRA,"@o_antagonista Esse povo tem mesmo uma dificuldade muito grande de compreender o que √© um #presopol√≠tico e um #pol√≠ticopreso - o que #Lula fez √© abomin√°vel; mas, o que esses #Lulan√°ticos fazem √© inadmiss√≠vel!"
A FAVOR,"A visita da Comiss√£o Externa da C√¢mara a @LulapeloBrasil foi suspensa. Querem isolar Lula, mas n√£o v√£o conseguir. Somos milh√µes ecoando sua voz. Como falou o camarada Francisco H√©lder qdo me parou p/ conversar em S√£o Paulo: ""#Lula, estamos contigo para o q der e vier!"" #LulaLivre https://t.co/cSwhLE9vvT"
A FAVOR,"O negar as visitas a #Lula √© uma atitude desumana que s√≥ tem compara√ß√£o com as ac√ß√µes do tempo de Hitler  
#Lula #LulaLivre #LulaInocente #LulaPresoPol√≠tico #Brasil #LulaNobelDaPaz #LulaValeALuta #OcupaCuritiba16odia #lulapelobrasil #LulaPelaPaz"
A FAVOR,PT #reafirma #candidatura de #Lula #para #presidente da #Rep√∫blica https://t.co/soeLKGVc3q #politica
A FAVOR,@ingridspbr @MarceloQui #Lula e #A√©cio s√£o ladr√µes!
CONTRA,"Retweeted Vannessa AL (@pagvannessa):

O PT e sua guerra de narrativa. Querem for√ßar a impress√£o de que Lula √© al√©m do que ele realmente √©: Um preso COMUM, numa cela COMUM pagando por seus crimes. #Lula #LavaJato"
A FAVOR,"#Lula foi preso para n√£o governar para o povo.
#PastorHenriqueVieira #Esperan√ßar
#SegundaDetremuraSDV
#MafiaSdvUsoMemesPq
#SDVComMafia
#CLUBEFOLLOWBACK
#GanaMasSeguidores
#GhanaFollowTrain https://t.co/aBGHf562Z3"
A FAVOR,"Isso no Estado mais rico do Brasil! Em Curitiba a ""efici√™ncia"" foi tanta que at√© passaram o processo de #Lula na frente! https://t.co/YGBOwRiYFQ"
CONTRA,@UOLNoticias Esses #petistas s√£o uns ingratos !Menos de 1 m√™s e #Lula j√° at√© aprendeu a escrever!!!HAHAHA...S√≥ rindo da cara de pau dessa #Gleisi lendo a carta q ela mesmo escteveu como se fosse do apenado.E tem militonto que acredita! https://t.co/PGUKW9tnGB
A FAVOR,"#PSDB #MBL
Paulo Henrique de Ara√∫jo, foi preso no √∫ltimo s√°bado sob a suspeita de abusar sexualmente de uma garota de oito anos.
#Lula #Lulalivre #Brasil #Lulainocente 
 https://t.co/4NA2iIp63O via @exame"
A FAVOR,"Al√¥, Vila Izabel!!! Martinho da Vila pede √† Justi√ßa do Paran√° para visitar #Lula: ""Trata-se de uma visita de amizade, sem conota√ß√µes pol√≠ticas"", avisa ele, num email √† 12a Vara Federal de Curitiba #LavaJato #direitoshumanos #corrup√ß√£o #impunidade https://t.co/UEwm8Vutva"
A FAVOR,"Eu moro no sul, sou negro e pobre, essa fala √© sobre mim, vivo cercado por fascistas e #Lula √© a √∫nica esperan√ßa.
#PastorHenriqueVieira #Esperan√ßar
#SegundaDetremuraSDV
#MafiaSdvUsoMemesPq
#SDVComMafia
#CLUBEFOLLOWBACK
#GanaMasSeguidores
#GhanaFollowTrain https://t.co/O9sUTzfc3l"
A FAVOR,"Mais de 10.000 cartas, por enquanto: Cartas do povo brasileiro ao presidente #Lula! https://t.co/fvqPxFOMR8 via @lulapelobrasil"
A FAVOR,"O Partido dos Trabalhadores reafirma a candidatura presidencial de #Lula, na reuni√£o do diret√≥rio nacional que aconteceu hoje em Curitiba. O sentimento de q Lula deve ser o pr√≥ximo presidente n √© apenas do partido e de nossa milit√¢ncia: √© a vontade da maioria do povo brasileiro. https://t.co/OZZ5znj1Mu"
A FAVOR,Vc quer #Lula ? Ent√£o toma! @ptbrasil reafirma que @LulapeloBrasil √© o candidato do partido na disputa pela Presid√™ncia do Brasil nas elei√ß√µes de 2018. #LulaLivre  https://t.co/UwlIHrc3Je
CONTRA,"O PT e sua guerra de narrativa. Querem for√ßar a impress√£o de que Lula √© al√©m do que ele realmente √©: Um preso COMUM, numa cela COMUM pagando por seus crimes. #Lula #LavaJato"
A FAVOR,"Pris√£o de #Lula √© um ato covarde e desumano, √© uma persegui√ß√£o contra um l√≠der pac√≠fico e humano, defendido por militantes de direitos humanos no mundo todo.
#SegundaDetremuraSDV
#MafiaSdvUsoMemesPq
#SDVComMafia
#CLUBEFOLLOWBACK
#GanaMasSeguidores
#GhanaFollowTrain https://t.co/UzIQNShcPY"
A FAVOR,"Retweeted CBN (@CBNoficial):

Entre os que tiveram pedidos rejeitados est√£o Dilma Rousseff, ativista ganhador do Nobel da Paz e comiss√£o externa da C√¢mara. #Lula #NoArNaCBN
https://t.co/uYRqJux48C"
A FAVOR,"Jamais gostei da express√£o 'elei√ß√£o sem Lula √© fraude', afirma Lula #otempo #lula #livro  https://t.co/4dW61fXPML https://t.co/WZxBnARIRp"
A FAVOR,"Entre os que tiveram pedidos rejeitados est√£o Dilma Rousseff, ativista ganhador do Nobel da Paz e comiss√£o externa da C√¢mara. #Lula #NoArNaCBN
https://t.co/hK1qQAV2IB"
CONTRA,"@BlogDoPim Ningu√©m pode aceitar #Lula e corruptos soltos.
Marca√ß√£o serrada!
@BlogDoPimüëäüëäüëäüëäüëä"
A FAVOR,"@heldersalomao H√¥ #Lula danado!! Seu crime foi dar esperan√ßas para um pa√≠s/ povo exclu√≠do por 500 anos. Lula √© preso pol√≠tico, julgado em um j√∫ri de excess√£o. #LulaLivre #LulaPresoPolitico  #LulaValeALuta"
A FAVOR,"O governo de #Lula foi √≥timo, eu apoio esse trabalho.
#PastorHenriqueVieira #Esperan√ßar
#SegundaDetremuraSDV
#MafiaSdvUsoMemesPq
#SDVComMafia
#CLUBEFOLLOWBACK
#GanaMasSeguidores
#GhanaFollowTrain https://t.co/hXnKED28wx"
A FAVOR,"Ju√≠za nega visita de Dilma, Ciro Gomes e deputados a Lula na pris√£o https://t.co/QhrIyxUC8K #CarolinaLebbos #Dilma #Lula"
A FAVOR,"Os programas sociais de #Lula inspiraram a√ß√µes semelhantes pelo mundo.
#PastorHenriqueVieira #Esperan√ßar
#SegundaDetremuraSDV
#MafiaSdvUsoMemesPq
#SDVComMafia
#CLUBEFOLLOWBACK
#GanaMasSeguidores
#GhanaFollowTrain https://t.co/0k6woA2sOe"
A FAVOR,Justi√ßa veta entrada de Dilma e deputados em cela de Lula - #Lula https://t.co/oY5U4giUul
A FAVOR,"A√©cio r√©u √© desafio para justi√ßa e para a narrativa pol√≠tica
 https://t.co/y7V0yN3lfa  #aecio #lula #politica #pmdb #psdb#pt"
A FAVOR,#JUSTI√áA #PARTIDARIA #LULA #PRESO #POL√çTICO #PARATUDO #ANULATUDO #LULALIVRE #J√Å : Qual √© o lado certo da hist√≥ria mesmo?! https://t.co/Fl7B4Ceo31
A FAVOR,"S√≥ falta o STF gritar ""#Lula Livre"" https://t.co/YbHysv2wNS"
A FAVOR,"Imagens de um #Brasil fascista, um Brasil militarizado, um Brasil com Presos Pol√≠ticos, um Brasil onde o #STF viola a constitui√ß√£o... 
#LulaValeALuta #OcupaCuritiba16odia #NobelparaLula #Lulalivre #LulaInocente #LulaPresoPol√≠tico #LulaNobelDaPaz #Lula https://t.co/HfCzwkOAcm"
A FAVOR,"Quanto mais vejo quem est√° contra #Lula, mais o defendo.
#SegundaDetremuraSDV
#MafiaSdvUsoMemesPq
#SDVComMafia
#CLUBEFOLLOWBACK
#GanaMasSeguidores
#GhanaFollowTrain https://t.co/kT4YSkOAVt"
A FAVOR,A Justi√ßa negou uma visita de Dilma Rousseff e de deputados a #Lula na pris√£o https://t.co/gtRV3PI5G5 #DilmaRousseff https://t.co/IyKhVPHkci
CONTRA,N√£o quer ir tamb√©m para a 'solit√°ria' seja honesto e n√£o precisar√° se encontrar com os 'monstrinhos'.  Diferentemente de #Lula que de honesto n√£o tem nada. https://t.co/h4A1STqGYZ
A FAVOR,"Em carta ao PT, #Lula se diz feliz com a pesquisa e que quer sua liberdade https://t.co/UeBScvuRWw https://t.co/xk4PzT810H"
CONTRA,@calu_barros Se n√£o me engano tem um cara at√© que famosinho da cut... A mesma que foi apoiar o #lula em SBC. Esse ai tb √© bandido ou s√≥ pq √© sindicalista ta ta tudo certo?
CONTRA,"FALA LULA, TUDO BEM?
QUE EXCELENTE IM√ìVEL VOC√ä TEM, EST√Å INTERESSADO EM VENDER ESSE TRIPLEX?
APARECENDO INTERESSADOS A @tchau_aluguelSP PODE FINANCIAR E FAZER TODA DOCUMENTA√á√ÉO DE COMPRA

OU SE PRECISAR DE CAPITAL DE GIRO, REFINANCIAMOS ELE PARA VOC√ä KKKKK

#Lula #lulatriplex https://t.co/0ArtT2NIj9"
A FAVOR,"A pris√£o de Lula e completamente ilegal!!

Sua inoc√™ncia foi provada!!

E o que vemos agora, s√£o as den√∫ncias de todas as ilegalidades cometidas contra #Lula se confirmando!!

As Institui√ß√µes Superiores de Justi√ßa, tem que corrigir esta Farsa Jur√≠dica imediatamente!!

#LulaLivre https://t.co/Zrwn8VSR9C"
A FAVOR,Nobel da Paz √© aclamado em universidade e pede liberdade para o ex-presidente #Lula https://t.co/51XGXaQOlU
A FAVOR,Ju√≠za nega todos os pedidos para visitar #Lula na pris√£o: Imagem: Leonardo Benassatto‚Ä¶ https://t.co/I2VCKeCwGy
A FAVOR,"@VemPraRua_br #For√ßaJuizaCarolina!
Sem tr√©gua para #Lula e qq outro preso da #LavaJato!
#ALei deve ser cumprida, sem #Privil√©gios!"
A FAVOR,"Sobre a pris√£o de quem mesmo? Ah, sim: #Lula. https://t.co/XPCHW2GVUl"
A FAVOR,@cartacapital Excelente artigo. Parab√©ns.#LULA LIVRE #LULA INOCENTE #LULA PRESO POL√çTICO
A FAVOR,Gleisi abusa do devaneio ao dizer que Lula √© preso pol√≠tico e est√° ‚Äúisolado em regime de solit√°ria‚Äù https://t.co/vh3c6EcsyY #Lula #GleisiHoffmann #PT #corrupcao #prisao #LavaJato #Petrolao
A FAVOR,"Em carta ao PT, #Lula diz: 'para mim, quero minha liberdade': Imagem: Reprodu√ß√£o / Redes‚Ä¶ https://t.co/KNKMNUKD39"
A FAVOR,"Luta pela democracia, pela redu√ß√£o das desigualdades sociais e contra as injusti√ßas! #LulaLivre #LulaValeALuta #Lula https://t.co/tsSyU8WeWi"
