Sentimento,Text
A FAVOR,O Brasil ser√° desmoralizado internacionalmente e toda a popula√ß√£o sentir√° o efeito negativo se o pa√≠s n√£o respeitar a decis√£o da ONU. #ONUGARANTELULA  #LulaLivre  #MoroNaCadeia
A FAVOR,Blog do Liberato - #Lulalivre!: Boaventura de Sousa Santos relata visita a Lula https://t.co/RzNzDV6hEx
A FAVOR,"@fabi_gold @diegoinvncomex ""A gente tem que DOMINAR as redes, mostrar pra todo mundo que Lula √© candidato! #Lulalivre.""

Ent√£o faltou um N√ÉO √© candidato somado ao hashtag errado...

Dif√≠cil entender outra mensagem que n√£o a que vc passou...

Coisas da Eleven..."
A FAVOR,"@mindincrisis @Olavinha88 @craudin_ @_lady_crow @PomboCoco @RollerGear_Car @cornholio_m iiih, chegaram os bots que clicam #lulalivre.. bom, deixa eu me arrumar pra ir pra facul, algu√©m tem que prestar nessa vida...  flw crian√ßada! üòâüëâüëâüëâ"
A FAVOR,"Marcia Tiburi √© 13! / @marciatiburi /  / Nos anos 90, o Brasil assinou a resolu√ß√£o que obriga o pa√≠s a seguir o que for determinado pelo Comit√™ da ONU. https://t.co/RzIbaw94sB  /  / #ONUGaranteLula #LulaLivre #LulaP.. https://t.co/IEOg5OrZ0n"
A FAVOR,"Blog do Liberato - #Lulalivre!: BRASIL, URGENTE: Agora querem censurar Lula‚Ä¶ NA CA... https://t.co/SvszzrZNAC"
A FAVOR,"Estamos em 2018. Quem, hoje em dia, realmente se preocupa com... ‚Äúamea√ßa comunista‚Äù? Gente, isso quase equivale a temer invas√£o de Napole√£o, √© coisa de hosp√≠cio! Ou, claro, de candidato q explora a ignor√¢ncia das pessoas em busca de voto. (Risek, Andr√©)
#ONUGaranteLula
#LulaLivre"
A FAVOR,Essa quadrilha da toga est√° destruindo nosso pa√≠s. Temos que nos mobilizar cada vez mais contra a organiza√ß√£o criminosa do judici√°rio. #ONUGARANTELULA  #LulaLivre  #MoroNaCadeia
A FAVOR,"N√£o podemos permitir a consolida√ß√£o do Estado de exce√ß√£o. Preso pol√≠tico, Lula deve ser libertado e concorrer a presid√™ncia. #LulaLivre representa a esperan√ßa do povo brasileiro de retomar em suas m√£os o destino do pa√≠s.  #ONUGaranteLula https://t.co/JQ0CXia95T"
A FAVOR,"@ed_noberto @adirckbr @tallkariana Teoria ou n√£o, est√° l√° na Constitui√ß√£o! Cabe ao povo, de quem emana todo poder, fazer valer aquilo que aprovou por meio de uma Constituinte! Aos gajos do STF n√£o cabe reformular o escrito e muito menos legislar porquanto sua fun√ß√£o √© de apenas julgar conforme a mesma! #LulaLivre!"
A FAVOR,"Lula precisa se soltar mais nos debates , estou achando ele um pouco preso ....
#LulaLivre"
A FAVOR,"_ O Brasil eh signat√°rio da ONU e n√£o cumprir a determina√ß√£o √© violar o Pacto de Direitos Civis e Pol√≠ticos.

_ Portanto n√£o se trata de uma recomenda√ß√£o e sim uma determina√ß√£o.

- Lula √© preso pol√≠tico e deve ter seus direitos pol√≠ticos resguardados

#ONUgaranteLula 
#LulaLivre"
A FAVOR,#ONUGARANTELULA Quando vamos viver num pa√≠s feliz de novo! #LulaLivre  #MoroNaCadeia
A FAVOR,"#ONUGaranteLula e a justi√ßa brasileira reajusta de novo, seu proprio sal√°rio!! 
#LulaLivre"
A FAVOR,Desisto desse pa√≠s.  Tem jeito mesmo n√£o.  O povo escolhe uma merda de deputado desse. Sem coment√°rios.  #LulaLivre https://t.co/UFCNcuRUVr
A FAVOR,"Vale pra todos: N√£o invistam num pa√≠s fascista!!!!!
#ONUGaranteLula
#LulaLivre #LulaPresidente #LulaManuHaddad #OBrasilFelizDeNovo https://t.co/U1HDxkRwFy"
A FAVOR,"Para meus coleguinhas golpistas, oq acham agr do CNDH falando q o brasil tem q cumprir a decis√£o da ONU??? #LulaLivre  #ONUGaranteLula https://t.co/xfhcoYsJuG"
A FAVOR,"Tem candidato que n√£o consegue ter uma ideia original, n√©? #eleicoes2018 #LulaLivre #ONUGaranteLula #SimaoPedro13555 https://t.co/8uSRc2POHx"
A FAVOR,O que eu acho mais bonito das #Lulalivre √© que a galera realmente acredita que tava melhor antes n√©? Tava uma bosta antes vai continuar uma bosta com qualquer um que suba a rampa. Que droguinha essa galera dir/esq usa?pq eu n√£o t√¥ conseguindo colar nessa vibe n√£o malandro! ü§£ü§£ü§£
A FAVOR,"#LulaLivre
V√çDEO ‚Äì Jornalista novaiorquino analisa persegui√ß√£o a Lula: ‚ÄúH√° uma parte enraizada na sociedade que quer impedi-lo de concorrer‚Äù https://t.co/LDtZV16eSg via @iG"
A FAVOR,#ONUGaranteLula N√£o tem plano B! At√© a ONU j√° declarou que @LulaOficial √© candidato. O Brasil n√£o pode desprezar o Estado de Direito #LulaLivre #LulaPresidente #ONUGaranteLula https://t.co/SWdOPVMuyw
A FAVOR,√© #LulaLivre sim meu am√¥!! n√£o gostou? DEITA NA BR..
A FAVOR,@Eliel19287399 @marciatiburi Se isso √© ser cafona l que tu tens com isso?  #LulaLivre #ForaSartori
A FAVOR,"@RedeGlobo GOLPISTA !
@STF_oficial subservientes da Globo üí©
#LulaLivre 
#LulaPresidente 
#OBrasilFelizDeNovo https://t.co/Wo8kPB110Y"
A FAVOR,Blog do Liberato - #Lulalivre!: Lewandowski manda soltar condenado em 2¬™ inst√¢ncia... https://t.co/fc1seN9tbA
A FAVOR,"Pesquisa r√°pida, Em quem voc√™ ir√° votar para presidente?
#EnquetePresidenciaveis #JairBolsonaro #LulaLivre #cirogomes #MarinaSilva18"
A FAVOR,"Semideuses de capas pretas aumentam o pr√≥prio sal√°rio, negociam o aumento com um presidente ileg√≠timo e investigado e em resposta aprovam o inferno da terceiriza√ß√£o para os lascados e v√£o vetar a candidatura de #LulaLivre."
A FAVOR,"Paty est√° de parab√©ns pela oficina maravilhosa que ela apresentou!!! Liberdade de express√£o, lugar de fala e diversidade. üåà
#PatyQuebraBarraco #LulaLivre"
A FAVOR,"#ONUGARANTELULA  Barroso √© obrigado a cumprir a lei! Se fizer o contr√°rio, ser√° mais um que ser√° jogado no lixo da hist√≥ria. #LulaLivre  #MoroNaCadeia"
A FAVOR,"Eu espero muito que o Lula ven√ßa e todo mundo que falava mal dele pague com a lingua, pq se for com o Bolsonaro eles tbm v√£o pagar, pq v√£o v√™ q ele n√£o √© nada do que mostrou durante a campanha. Enfim um vai ser de forma ruim e outra de forma boa. #LulaLivre #ONUGaranteLula"
A FAVOR,"As defini√ß√µes de ""capitalismo selvagem"" foram atualizadas com sucesso! 

#terceiriza√ß√£oirrestrita #nenhumdireitoamenos
#LulaManuHaddad
#LulaPresidente
#OBrasilFelizDeNovo
#LulaLivre
#LulaLivreJ√°
#FREELULA
#nenhumdireitoamenos"
A FAVOR,LulaValeALuta LulaeuConfio LulaInocente LulaPresidente #LulaLivre https://t.co/JFy1fp4mNP
A FAVOR,"@LulaOficial tem direito de ser candidato. O povo quer. A lei garante. #ONUgaranteLULA
#lulalivre"
A FAVOR,"Enquanto Bolsominions comemoram apoio de Andressa Urach, Lula recebe apoio da ONU. N√£o sabe brincar, n√£o desce pro play. #ONUGaranteLula
#LulaLivre #LulaPresidente https://t.co/bfGsQxcm6G"
A FAVOR,"#ONUGaranteLula Muita coisa no Brasil est√° ruim, est√° desolador. Mas n√£o √© com estado m√≠nimo, que isso se resolver√°. Estou desempregado h√° quase 3 anos e n√£o encontro est√°gio, mas n√£o foi com uma reforma trabalhista que isso mudou. #LulaLivre #LulaPresidente"
A FAVOR,#ONUGARANTELULA Se o Presidente Lula disputar as elei√ß√µes vencer√° no 1¬∫ turno e da√≠ o golpe jur√≠dico-midi√°tico acaba. √â isso que temem os homens e mulheres da toga. #LulaLivre
A FAVOR,Por um Brasil feliz de novo! &lt;3 #ONUGaranteLula  #LulaLivre
A FAVOR,LulaValeALuta LulaeuConfio LulaInocente LulaPresidente √önico atalho para parar o GOLPE contra o POVO e a Soberania Nacional LulaDeAaZ at√© √†s √∫ltimas consequ√™ncias #LulaLivre https://t.co/b9LOcKt121
A FAVOR,"L√≠der alem√£o, ex-presidente do Parlamento Europeu, vem a Curitiba visitar #Lula.
https://t.co/s5QW71cK5v
*
#Lula2018 #LulaLivre"
A FAVOR,"@Haddad_Fernando S√≥ @Lula tem, mesmo sendo preso pol√≠tico, tanto prest√≠gio!
Nunca antes na hist√≥ria desse pa√≠s, houve um l√≠der pol√≠tico com tanta for√ßa pol√≠tica tanto reconhecimento internacional. Pessoa ilustre do nosso Brasil!üëèüëèüëèüëèüëèüëè
#LulaLivre #LulaPresidente"
A FAVOR,Que todos tenham a oportunidade e o direito de escolha. Eu escolho Lula! #ONUGaranteLula #LulaLivre https://t.co/1CYq1PDk3N
A FAVOR,"#ONUGARANTELULA  A ONU n√£o est√° pedindo, mas sim determinando que as autoridades brasileiras cumpram a decis√£o do Comit√™ de Direitos Humanos das Na√ß√µes Unidas. Chega de passividade. Mobiliza√ß√£o j√°! #LulaLivre"
A FAVOR,"Isso e o rol√™ do @Pontifex_pt, que nunca falou nada em favor do mesmo, nem #lulalivre nem #luladr√£o, mas um bando de gente que nunca foi numa catequese enche a boca pra falar como a estrutura midi√°tica do Vaticano funciona pra tentar defender a tese favorita, vsf."
A FAVOR,#ONUGaranteLula Os golpistas est√£o nus #lulalivre #foragolpistas #lulacandidatosim https://t.co/LRvgqC8Caj
A FAVOR,LulaValeALuta LulaeuConfio LulaInocente √önico √∫nico que pode fazer o Brasil voltar a ser SOBERANO FELIZ TER DIREITOS DESENVOLVIMENTO SONHOS Empregos #ONUGARANTELULA  #LulaLivre https://t.co/g4v3alW0Pk
A FAVOR,"O #TBT de hoje √© especial. Confira os bastidores da marcha que moveu o Brasil pelo registro da candidatura de Lula no dia 15 de agosto. Em uma s√≥ voz, em um s√≥ grito: #LulaLivre! #OBrasilFelizDeNovo

Imagens:... https://t.co/Lpsjfdxauv"
A FAVOR,"N√£o h√° d√∫vida de que o eleitor brasileiro, em sua maioria, quer @LulaOficial na elei√ß√£o #ONUGaranteLula #FreeLula #LulaLibre #LulaLivre"
A FAVOR,#ONUGARANTELULA e o Brasil vai pagar caro se descumprir a decis√£o da ONU. #LulaLivre
A FAVOR,hoje joao felipe colou o adesivo do #lulalivre em pimenta e foi o melhor momento do ano
A FAVOR,"#ONUGARANTELULA Queremos viver novamente num pa√≠s soberano, assim como era no Governo Lula. #LulaLivre  #MoroNaCadeia"
A FAVOR,Excelente entrevista no @elpais_brasil com @renatodatapop sobre as elei√ß√µes que mostra que no cen√°rio com Lula preso ou #LulaLivre ele vai ser um fator decisor no resultado. https://t.co/tFqvoK3gK5
A FAVOR,O Brasil quer Lula #Lulalivre #LulaPresidente  #ONUGaranteLula
A FAVOR,"#ONUGaranteLula üëèüëèüëè
Quantos likes merece esta bela imagem? üëç
#LulaLivreJ√° 
#LulaPresidente 
#LulaLivre https://t.co/kmsBHYZT8Y"
A FAVOR,Apoio internacional a Lula: l√≠der alem√£o vai a Curitiba | Brasil 247. #LulaLivre https://t.co/b9FCCRRHNO
A FAVOR,"#Expeditovelososo1312 O Por qu√™ do nosso Comit√™ Central no Guar√°
#lulapresidente #lulalivre https://t.co/iinDSwcTxY"
A FAVOR,Blog do Liberato - #Lulalivre!: Ministros do TSE t√™m sal√°rio aumentado antes de ju... https://t.co/4rTz7DRzto
A FAVOR,#ONUGARANTELULA Os ditadores togados do TSE e STF n√£o t√™m o direito de cassar a vontade popular. A maioria do povo quer #LulaLivre
A FAVOR,"@ptbrasil @LulaOficial N√ÉO ACEITAREMOS A GRANDE INJUSTI√áA , QUEREMOS #LulaLivre  PRO BRASIL VOLTAR A SORRIR #LulaPresidente"
A FAVOR,Eleitores de todo o Brasil: Eu ap√≥io o boicote do PT √†s elei√ß√µes de 2018 #LulaLivre #LulaInocente #LulaPresidente https://t.co/VkF5pGhJOm
A FAVOR,"@BlogdoNoblat Pois √©, por isso tu gasta 50 por cento do teu tempo e energia pra falar mal dessa candidatura. Se √© uma fraude por que tamanha preocupa√ß√£o? #LulaLivre"
A FAVOR,"@NiltonPT13 @dilmabr @LulaOficial √â LULA E/OU QUEM ELE INDICAR!
O RESTO √â JOGADA DA DIREITA!
#OBrasilFelizDeNovo 
#LulaLivre 
#LulaPresidente"
A FAVOR,"#ONUGARANTELULA  J√° passou da hora das leis neste pa√≠s voltarem a ser cumpridas. Chega de ditadores fascistas de toga, como Moro, Dallagnol, C√°rmen L√∫cia, Barroso e Fux. Basta de injusti√ßa! #LulaLivre"
A FAVOR,#ONUGaranteLula Meu presidente lindo #lulalivre #lulainocente #lulacandidato https://t.co/bUXgqVA4io
A FAVOR,"@LulaOficial @Haddad_Fernando #ONUgaranteLula üëèüëèüëèüëè
54 milhoes de brasileiros je escolheram seu candidato. Nao h√° NADA que a midia golpista e o ""supremo e tudo"" possam fazer.!üí™
#LulaLivre #LulaPresidente #MPN #FelizJueves https://t.co/jzvmsaTAqW"
A FAVOR,#Lula√©Haddad Mulheres em luta contra o fascismo e por #LulaLivre #PaimSenador131 #AbigailSenadora651 https://t.co/3ffCHznAxz
A FAVOR,#AOVIVO - Gleisi Hoffmann e Fernando Haddad em coletiva de imprensa ap√≥s visita √† Lula! #LulaLivre https://t.co/IWQkjgSAcq
A FAVOR,"A milit√¢ncia do PT faz mais uma marcha em prol de um governo democr√°tico. O ato come√ßou no Setor Comercial Sul e segue para a rodovi√°ria. Erika Kokay segue na marcha e chama todos para participarem! 
#Erikakokay #LulaLivre #UmaMulherdeCoragem #LulaPresidente #Erikakokay1331 https://t.co/2pGqAhvhBS"
A FAVOR,N√£o tem plano B! At√© a ONU j√° declarou que @LulaOficial √© candidato. O Brasil n√£o pode desprezar o Estado de Direito #LulaLivre #LulaPresidente #ONUGaranteLula
A FAVOR,"Se¬†n√£o cumprir decis√£o da ONU, Brasil ficar√° marcado na hist√≥ria por violar Direitos Humanos. √â preciso garantir os direitos de @LulaOficial para reafirmar a nossa democracia. #LulaLivre #LulaPresidente #ONUgaranteLula #LulaManuHaddad https://t.co/tdU0pVxQNq"
A FAVOR,Os mineiros est√£o com @LulaOficial! Somos a trincheira da democracia que ir√° lutar por #LulaLivre. #ONUGaranteLula #EquipePimentel
A FAVOR,"DECIS√ÉO DA ONU N√ÉO √â PALPITE, √â LEI'.

#LulaLivre #LulaPresidente #ONUgaranteLula
#PauloRocha13 https://t.co/flAJD8bpQM"
A FAVOR,#ONUGARANTELULA Temos que acabar com a ditadura do judici√°rio no Brasil. A Constitui√ß√£o Federal diz que todo o poder emana do povo. #LulaLivre
A FAVOR,"@BlogdoNoblat Pelas escolhas n√£o. Pelo Golpe e pela pris√£o do #LulaLivre , que vcs sabem muito bem como foi armado o circo, SIM."
A FAVOR,"#ONUGaranteLula ver pessoas falando mal da ONU ,fico aliviada por saber que estou do lado certo , muitos moleques nem sabe o que significa e pra que serve a ONU ! #LulaLivre #LulaPresidente"
A FAVOR,"Tem gente que reclama, mas, dez anos atr√°s bem que estava fazendo sua primeira viagem internacional, se matando de comprar produto gringo... 
E agora, com o d√≥lar a 
R$ 4,21????  
#ONUGaranteLula #LulaLivre"
A FAVOR,#ONUGaranteLula N√£o podemos aceitar este golpe que est√° acabando com o Brasil. #LulaLivre
A FAVOR,Tratado exige justi√ßa #ONUGaranteLula  #LulaLivre
A FAVOR,queremos Lula Livre #ONUGaranteLula  #LulaLivre
A FAVOR,"A reforma agr√°ria deve voltar √† pauta da sociedade e do governo federal! Estamos na luta com o MST da Bahia! #LulaPresidente #LulaLivre #Su√≠caDeputado #Elei√ß√µes2018 #MST #Esse√âdaGente

Via Sobradinho Not√≠cias https://t.co/eJFIGdY2Mt"
A FAVOR,#ONUGaranteLula Somos milh√µes de Lulas üòç.Fora golpistas #foramoro #foragolpistas #globolixo #lulalivre #lulacandidato #lulalibre
A FAVOR,"""A Rep√∫blica Federativa do Brasil recebeu a oportunidade de reafirmar seu comprometimento com o Sistema de Direitos Humanos das Na√ß√µes Unidas e com o Comit√™ de Direitos Humanos."" #ONUGaranteLula https://t.co/IoW1NyMB6D 

#Ulysses13077 #LulaLivre #LulaPresidente #SempreComVoc√™ https://t.co/K8B6ALTGHd"
A FAVOR,"Mais uma vez sendo obrigado a ser mes√°rio...
O candidato que propor o fim do servi√ßo eleitoral FOR√áADO tem meu voto, podia ser at√© o Lula, eu ia gritar #LulaLivre com toda a for√ßa do meu ser."
A FAVOR,"Nos anos 90, o Brasil assinou a resolu√ß√£o que obriga o pa√≠s a seguir o que for determinado pelo Comit√™ da ONU. https://t.co/A4BOzdGwgY

#ONUGaranteLula #LulaLivre #LulaPresidente https://t.co/J9JWfOT6Ie"
A FAVOR,"Vou voltar, sei que ainda vou voltar ‚ù§üé∂üåüüïä #Sabi√° #ChicoBuarque #TomJobim #LulaLivre #ONUgaranteLula https://t.co/KCZWYsOZIZ"
A FAVOR,"‚ÄúEstamos j√° flertando com o autoritarismo, e isso n√£o √© bom para nenhum pa√≠s, para a democracia‚Äù, alega @czmartins, advogado de Lula. #ONUGaranteLula #LulaLivre #LulaPresidente https://t.co/Qqv9Zfz69j"
A FAVOR,Todo dia uma musica do Milton Nascimento diferente e eu chorando igual #LulaLivre #URSAL https://t.co/y6HKe1rgmJ
A FAVOR,"#LulaLivre 
üì¢ATEN√á√ÉO ü§®ü§®ü§®
Boicote as Lojas Americanas ... por que üòºüëø‚ò†Ô∏èü§¨üò°üßê
üëáüëáüëáüëáüëáüëáüëáüëáüëáüëáüëáüëáüëáüëá https://t.co/uwFklvJTYB"
A FAVOR,#ONUGaranteLula a popula√ß√£o exige #LulaLivre e #OBrasilFelizDeNovo / #BrasilFelizDeNovo https://t.co/Xcm3dcMw6o
A FAVOR,Os tratados internacionais de que o Brasil √© signat√°rio s√£o de cumprimento absoluto e irrestrito. #OnuGaranteLula #Lulalivre #LulaPresidente https://t.co/b2du3tQiQP
A FAVOR,#ONUGaranteLula . o STF sabe do compromisso do Brasil com as normas internacionais. N√£o tem como negar o direito de Lula ser candidato. A popula√ß√£o quer #LulaLivre e #LulaPresidente
A FAVOR,"#ONUGaranteLula ou cumpre o que foi determinado ou o Brasil n√£o ter√° mais moral perante √†s outras na√ß√µes .
#LulaLivre 
#LulaPresidente 
#BrasilFelizDeNovo"
A FAVOR,#ONUGaranteLula Roubaram mais  de 54 milh√µes de votos em 2016 e agora querem repetir a dose.Fora golpistas!! Lula livre √© candidato.#foragolpistas #lulalivrej√° #lulalivre #foramoro
A FAVOR,"""Brasil 'se obriga' a cumprir decis√£o da ONU sobre Lula"", diz Paulo S√©rgio Pinheiro.
#LulaLivre #LulaPresidente #ONUgaranteLula
#PauloRocha13 https://t.co/PTk35VzhEg"
A FAVOR,"#ONUGaranteLula QUAL √â O MEDO DA DIREITA? N√ìS APENAS QUEREMOS LULA NA URNA. SE O CANDIDATO DE VOC√äS TEM CAPACIDADE QUE VEM ENFRENTAR O LULA NA URNA! 
#LulaLivre"
A FAVOR,Posso dizer com orgulho e seguran√ßa que a #ONUgaranteLula . Procure saber quem garante o golpe. #lulalivre #lulapresidente
A FAVOR,"DECIS√ÉO DA ONU √â PARA SE CUMPRIR, se n√£o o Brasil ficar√° marcado na hist√≥ria por violar Direitos Humanos. 
‚ÄúN√£o h√° op√ß√£o. Se o Brasil n√£o cumprir, est√° se colocando como um p√°ria internacional‚Äù.
#LulaLivre #LulaPresidente #ONUgaranteLula
#PauloRocha13 https://t.co/i9TE39WcQx"
A FAVOR,"""Nos anos 90, o Brasil assinou a resolu√ß√£o que obriga o pa√≠s a seguir o que for determinado pelo Comit√™ da ONU. #ONUGaranteLula https://t.co/gOh3dWRNxH  
#Ulysses13077 #UlyssesFaz #LulaLivre #LulaPresidente #SempreComVoc√™ #MinasGerais"
A FAVOR,"TSE convoca sess√£o extraordin√°ria para amanh√£. Contra #LulaLivre todos os prazos s√£o estuprados.
Essa gente que faz pol√≠tica com a toga n√£o tem limites, vergonha, escr√∫pulos.
#ONUgaranteLula"
A FAVOR,Engra√ßado ver um cidad√£o se referir a um eleitor de Bolsonaro como bolsominion e usar a #LulaLivre mesmo com a justa condena√ß√£o do ex presidente. Quem √© minion mesmo?
A FAVOR,"""Prefiro ainda acreditar que o Brasil n√£o vai usar as mesmas desculpas da ditadura"", respondeu @czmartins, advogado de @LulaOficial. 
https://t.co/XrAEybTBh5

#ONUGaranteLula #LulaLivre #LulaPresidente https://t.co/pfoXfTdamb"
A FAVOR,√â oficial: eu to espalhando adesivos do @LulaOficial pela editora ‚ù§Ô∏è #lulalivre https://t.co/htk01V6zTO
A FAVOR,"E ai @TSEjusbr ?

Deixa o homem fazer campanha 

O Povo quer #LulaCandidato #LulaLivre https://t.co/9X8T03zjuL"
A FAVOR,"#LulaLivre
#Pris√£oParaQuemPrecisaDela e acho que a hora do juizeco est√° chegando! https://t.co/CCr65lfsLc"
A FAVOR,"Lula precisar voltar, para que tantos outros pobres realizem o sonho de estudar, como eu realizei o meu.  #LulaLivre #ONUGaranteLula"
A FAVOR,#ONUGaranteLula Acordem golpistas mais da metade do Brasil sabe que foi golpe em 2016 e agora em 2018.O mundo j√° sabe do golpe com supremo com tudo no Brasil.Vamos derrubar o golpe #lulalivre #foragolpistas #lulalivreja #lulalibre
A FAVOR,"Contra a persegui√ß√£o pol√≠tica, midi√°tica e judicial: LULA Presidente! #ONUGaranteLula #Lulalivre"
A FAVOR,"#LulaLivre
N√£o vai visitar o Bozzo ou o Alckimista? Nem o √Ålvaro Botox,nem o Meirela, o banqueiro Amoedo? Lula √© o cara! https://t.co/gxj8WWSf21"
A FAVOR,"#EuSouLula #LulaLivre 
Ono garante #LulaPresidente"
A FAVOR,"""Ampliar a campanha: sem Lula √© fraude!"" (Colunistas da COTV - Por Ant√¥nio Carlos) https://t.co/HAc5RoHzxV

#Elei√ß√µesEmDitadura
#PlanC√≥ndor2
#LulaLivre
#DitaduraDe2016"
A FAVOR,@LulaOficial lutou pelos brasileiros. Agora √© a nossa hora de lutar para ter #LulaLivre e ver #OBrasilFelizDeNovo. #ONUGaranteLula  #EquipePimentel
A FAVOR,#ONUGaranteLula #LulaPresidente #LulaLivre Liminar a favor de Lula tem car√°ter obrigat√≥rio... - Veja mais em https://t.co/bfNxmqOIMr
A FAVOR,"Brasil como signat√°rio tem que obedecer recomenda√ß√£o da ONU, se cumprir mais uma face do golpe ser√° escancarada. #ONUGaranteLula #LulaHaddadPresidente #LulaLivre"
A FAVOR,Viola√ß√£o ao princ√≠pio da presun√ß√£o de inoc√™ncia. Respeitem a CF! #LulaManuHaddad #LulaLivreJ√° #LulaLivre #ONUGaranteLula
A FAVOR,#ONUGaranteLula  #LulaLivre   Respeitem a lei. Respeitem ao povo brasileiro. https://t.co/cw5VxCvFo4
A FAVOR,"Se¬†n√£o cumprir decis√£o da ONU, Brasil ficar√° marcado na hist√≥ria por violar Direitos Humanos. √â preciso garantir os direitos de @LulaOficial para reafirmar a nossa democracia. #LulaLivre #LulaPresidente #ONUgaranteLula"
A FAVOR,"Faremos uma revolu√ß√£o neste pa√≠s, e come√ßar√° pelo judici√°rio golpista. #LulaLivre #LulaPresidente #ONUgaranteLula"
A FAVOR,@ptbrasiI Coisa boa isso....bem melhor q coxinha engordurada! #LulaLivre
A FAVOR,"#LulaLivre 

#LulaPresidente

30 ANOS DO 30 DE AGOSTO

#AoVivo | 

Marcha de 30 de agosto deixa a pra√ßa Santos Andrade rumo ao Centro C√≠vico https://t.co/tpBkCntvrE"
A FAVOR,A reforma agr√°ria deve voltar √† pauta da sociedade e do governo federal! Estamos na luta com o MST da Bahia! #LulaPresidente #LulaLivre #Su√≠caDeputado #Elei√ß√µes2018 #MST #Esse√âdaGente https://t.co/Aq54XFftVw
A FAVOR,"Iniciamos nossas atividades desta quinta-feira, 30, em Fruta de Leite, dialogando com a popula√ß√£o, alertando sobre as perdas de direitos que o golpe trouxe para a classe trabalhadora.  #T√¥ComOPadre #PadreJo√£o1315 #NosRepresenta #FrutaDeLeite #Elei√ß√µes2018  #LulaLivre https://t.co/5g8CwmuU6J"
A FAVOR,"@TSEjusbr #ONUGARANTELULA 
O povo sabe q Lula √© preso pol√≠tico e quer #LulaLivre e #Lula13"
A FAVOR,"O povo afirma, o mundo j√° sabe e a ONU garante #Lula√©Inocente 
#ONUGaranteLula 

LIBERA O HOMI #LulaLivre"
A FAVOR,"#Lulalivre
vejam a√≠ a press√£o internacional chegando forte sobre o Brasil devido a pris√£o e censura ao #LulaPresidente https://t.co/fmADQJyuKx"
A FAVOR,Apenas pensando que #ONUgaranteLula #lulalivre #saudadesdomeuex
A FAVOR,@PTnoSenado Por elei√ß√µes justas #LulaLivre #lulainocente #lulacandidatosim #LulaPresidente13 #ONUGaranteLula
A FAVOR,"Aquela hora que os ADVERS√ÅRIOS l√™em e se fazem de loucos porque s√£o obrigados a concordar!

#LulaLivre #LulaPresidente #OBrasilFelizDeNovo‚Ä¶ https://t.co/WQz8JoThOj"
A FAVOR,um novo golpe n√£o pode ser instalado no nosso pa√≠s!#ONUGaranteLula #Lula√©NossoCandidato #LulaLivre #LulaPresidente2018 https://t.co/nMOq292SQh
A FAVOR,Defender a liberdade do #LulaLivre √© lutar pela Democracia do Brasil! https://t.co/Sy5w9L1RtW
A FAVOR,N√≥s s√≥ queremos as provas! Enquanto isso seguimos pedindo a liberdade do nosso presidente! #LulaLivre #ONUGaranteLula
A FAVOR,"Blog do Liberato - #Lulalivre!: QUE PA√çS √â ESTE, EM QUE UMA PRIS√ÉO DE CURITIBA √â M... https://t.co/gupGFDZAuV"
A FAVOR,"Se¬†n√£o cumprir decis√£o da ONU, Brasil ficar√° marcado na hist√≥ria por violar Direitos Humanos. √â preciso garantir os direitos de @LulaOficial para reafirmar a nossa democracia. #LulaLivre #LulaPresidente #ONUgaranteLula https://t.co/Vut81lmQgP"
A FAVOR,"@SHOCK1805 @PTnoSenado Tem raz√£o Shock pra tu ter uma id√©ia do quanto somos bund√µes, dia 2 em Sampa vai acontecer outro #Lulalivre festival, e ningu√©m fala nada. Era pro Pa√≠s inteiro tomar conhecimento, encher aquele lugar de gente."
A FAVOR,"#Lulalivre #AGloboVetaEUVOTO #Resistencia144Dias
Site da gigante do varejo colocou √† venda pelo menos 37 camisetas defendendo as posi√ß√µes do 
#bozo e outros... https://t.co/KD3DScOpM4"
A FAVOR,"#Piau√≠√âLula
#PovoComLula  #PovoComHaddad #ManuLulaHaddad‚ù§
#LulaLivre
VAMOS RESISTIR AT√â DEPOIS DO FIM! https://t.co/wEyzpI3HdM"
A FAVOR,"@AnaConcli @LulaOficial @STF_oficial @TSEjusbr Os Golpistas de preto n√£o est√£o para brincadeira.....Para roubar nossos votos  e ferrar o Presidente #LulaLivre  trabalham at√©  nos s√°bados, domingos e feriados.  J√° para o resto......."
A FAVOR,"#LulaLivre Fl√°vio Tavares explica ao quadro ''Brasil, O Golpe, Uma √ìpera do fim do ... https://t.co/62pvtxB9Om via @YouTube"
A FAVOR,"Daqui a pouco estaremos na Central do Brasil em mais um ato de campanha! Nos vemos l√° √†s 16h? Vamos juntos espalhar a ideia de que o Rio de Janeiro pode ser mais feliz com #MarciaTiburiGovernadora! 
#MarciaTiburi13 #T√°ComLulaT√°ComMarcia
#LulaPresidente #Lula√âCandidato #LulaLivre https://t.co/s5pB3OaO7x"
A FAVOR,"ENQUANTO ISSO, LULA EST√Å PRESO POR UMA REFORMA QUE NUNCA FOI FEITA NO TRIPLEX DE MORO! A FARSA DA #LavaJato 
#Condena√ß√£oDeLula√âFraude
#LulaPresidente #LulaLivre https://t.co/yd9P3JnmDO"
A FAVOR,"Que lindeza: #LulaLivre #LulaPresidente 

&lt;3 https://t.co/bEEBPDHRjT"
A FAVOR,√â a raz√£o de viver deles! O que fizeram com rela√ß√£o aos rob√¥s do Bozinario? Nada! Est√£o investigando o Amoeda e seu abuso do Poder Econ√¥mico? Nada! S√≥ persegui√ß√£o ao Lula e ao PT. #LulaLivre #LulaHaddadManuela https://t.co/Gpepb1o5YH
A FAVOR,@requiaopmdb Com mortadela e muito p√£o a juventude vai fazer revolu√ß√£o ‚úäüèº #LulaLivre #LulaManuHaddad
A FAVOR,#LULALIVRE que diz n√© mores? https://t.co/biwkyKJVH3
A FAVOR,"A cobra fica na moita, s√≥ esperando para prejudicar o Lula. Ela faz alguma outra coisa na vida? #LulaLivre #LulaHaddadManuela https://t.co/cGDPqhyaEn"
A FAVOR,"Instituto DEMOCRACIA e LIBERDADE pede ao TSE para CENSURAR os institutos de pesquisa!!!!!!!

Perdeu!

Mas que o Brasil est√° ao CONTR√ÅRIO est√°!!

#LulaLivre 
#LulaPresidente13 https://t.co/Uqg4MKrbui"
A FAVOR,@deltanmd #LulaLivre a m√≠dia internacional t√° de olho @deltanmd
A FAVOR,V√≠deo que todo mundo deveria assistir. #LulaLivre https://t.co/dvzir4KuHS
A FAVOR,"A terceiriza√ß√£o piora as condi√ß√µes de trabalho, diminui o sal√°rio e os direitos do trabalhador. Temer concedeu aumento aos ju√≠zes e hoje os ju√≠zes do STF est√£o referendando a precariza√ß√£o do trabalho. Daremos a resposta nas urnas. #LulaLivre #RevogaTudo #TerceirizaN√£oSTF"
A FAVOR,"Em Salinas, nessa quarta-feira, 29, nos reunimos com lideran√ßas. Conversamos sobre a conjuntura pol√≠tica, prestamos contas na nossa atua√ß√£o e reafirmamos o compromisso de continuar buscando melhorias para a popula√ß√£o do Norte de Minas. #PadreJo√£o1315 #Elei√ß√µes2018 #LulaLivre https://t.co/svngV84pjT"
A FAVOR,Boicote √†s Lojas Americanas. #LulaPresidente  #LulaLivre https://t.co/BwpRP1rOfr
A FAVOR,@juniornovarino @adspsp @limaynardes @LulaOficial Ou oito de presid√™ncia! #LulaLivre
A FAVOR,"- N√£o vou votar no Lula
- mas seu candidato √© racista!
- Mas quem disse que Bolsonaro √© meu candidato? 
- #LULALIVRE 
- ok! Vamos ter uma discuss√£o inteligente...
- FASCISTA
- Q?
- RACISTA, HOMOF√ìBICO
- mas ele falou que...
- GOLPISTAS
- mas pq voc√™...
- VIVA A REVOLU√á√ÉO"
A FAVOR,"#LulaLivre
Conhe√ßa o xote https://t.co/teWDbVOORY"
A FAVOR,"Vamos economizar dinheiro, gente! A campanha ser√° longa e dura! √Ågua da torneira! #LulaLivre #LulaHaddadManuela https://t.co/XRB2Lmgv8D"
A FAVOR,"Lula √© o zordon dos Power rangers 

#LulaLivre #ManuelaeHadadd

&lt;3 https://t.co/TECiQRZxyL"
A FAVOR,"DESAFIO LAN√áADO!
MORO J√Å APRESENTOU ALGUMA PROVA? AL√î @STF_oficial !!!
#LulaLivre #MoroCad√™AProva ??? https://t.co/XRzIJVqRPt"
A FAVOR,"Quantos milh√µes foram pagos para ""especialistas"" chegarem a conclus√£o da obviedade? 
Governo socialista do PT comprovou, sem estudos, que a queda da mortalidade infantil est√° ligada a melhora da renda das fam√≠lias! 
#LulaPeloBrasil 
#LulaLivre https://t.co/LGcGCdqURK"
A FAVOR,Golpistas preparam luz mais cara e apag√µes: Eletrobras ter√° mais tr√™s leil√µes - Di√°rio Causa Oper√°ria https://t.co/g2oqBUL3lj temerVAMPIR√ÉO stfacovardado tamufritu Voltaaaaa LULA #LulaLivre
A FAVOR,"O povo sabe. O povo lembra.

 Confira a √≠ntegra da carta de Lula para a R√°dio Gua√≠ba: https://t.co/jgePALKdhW

 #LulaPresidente #LulaLivre #OBrasilFelizDeNovo https://t.co/M4GuSKxaFV"
A FAVOR,"@Poder360 Poder360: potencial de voto de Haddad ‚Äúapoiado pelo #CONDENADO‚Äù √© de at√© 34% (https://t.co/xy3133MtKk)""#Duvido.#Malddad perdeu de lavada o primeiro turno da elei√ß√£o pra #PrefeituraSp com #LulaLivre,imagine agira que #Lula√âPresidiarioüòÖ Dou 3%(menos que @joaoamoedonovo )"
A FAVOR,"Amo mais que torta de chocolate recheada de brigadeiro. 
1Ô∏è‚É£3Ô∏è‚É£‚ù§Ô∏èüáßüá∑
#LulaLivre https://t.co/0D2jw5GFBy"
A FAVOR,"Plant√£o #LulaLivre

No Dia Nacional da Visibilidade L√©sbica e Bissexual, a Vig√≠lia Lula Livre recebeu a presidenta da CUT-PR, Regina Cruz, e o diretor da APP-Sindicato, Clau Lopes, para uma roda de conversa sobre o tema. https://t.co/QG10dGJzcF"
A FAVOR,"Vamos expressar nossa indigna√ß√£o com a pris√£o injusta do #Lula. Hoje,  √†s 16h, todos juntos no tuita√ßo #ONUGaranteLula! Convido voc√™s, mineiros e mineiras, a participarem de mais essa batalha pelo nosso presidente @LulaOficial. #LulaLivre #LulaPresidente https://t.co/RlNQoIseaR"
A FAVOR,"Plant√£o #LulaLivre

No Dia Nacional da Visibilidade L√©sbica e Bissexual, a Vig√≠lia Lula Livre recebeu a presidenta da CUT-PR, Regina Cruz, e o diretor da APP-Sindicato, Clau Lopes, para uma roda de conversa sobre o tema. https://t.co/0Josh7ywMi"
A FAVOR,"Para o Gilmar dizer isto, se eu estiver certo no meu modo de ver, Lula ser√° solto a qualquer momento, esta √© uma declara√ß√£o, de reconhecimento de erro, um grande passo para as coisas tornarem como elas deveriam ser desde o come√ßo:Justas!
#LulaLivre  Gra√ßas a Deus! https://t.co/FhggWgYq4X"
A FAVOR,"#LulaLivre 
Quero votar em Lula para Presidente. https://t.co/WyWrNFqxvi"
A FAVOR,O mundo sabe!! #LulaLivre https://t.co/rajJhpBuO0
A FAVOR,Lula / Haddad presidente. Dilma Rousseff senadora. Deputados e senadores do PT ou esquerdas. Brasil voltando aos trilhos. Brasil forte! #LulaPresidente #LulaLivre #LulaCandidato
A FAVOR,"Eles v√£o acatar as ordens da ONU sim, √© uma Hierarquia que tem por obriga√ß√£o ser respeitada e obedecer as ordens dela!
#LulaLivre 
Lula j√° √© nosso Presidente!! https://t.co/yuXRsLQnCw"
A FAVOR,"#Lulalivre #AGloboVetaEUVOTO #Resistencia144Dias
Fernando Haddad e Manuela D‚Äô√Åvila, ambos vices de Lula, respectivamente, marchar√£o nesta quinta (30) pelas ruas centrais de Curitiba pela liberdade e direito de Lula ser candidato √† Presid√™ncia da... https://t.co/pcekISusSN"
A FAVOR,"@requiaopmdb @Haddad_Fernando Hoje, Fernando Haddad estar√° no Paran√° que tamb√©m cantou: ‚ÄúOl√™, ol√™, ol√°, Lula, Lula‚Äù. A Feira do Largo da Ordem, em Curitiba foi o local onde centenas de pessoas se reuniram para o #Lula√ßo em apoio a Lula #LulaLivre #LulaPresidente https://t.co/9po0j49uj8 https://t.co/K71MFOBiJo"
A FAVOR,"#LulaPresidente
#Lulalivre
#OBrasilFelizDeNovo

Pessoal olha oque acabou de chegar, direto da loja oficial do PT! https://t.co/NL5g8P5PF5"
A FAVOR,"@g1 Calma, o Temer j√° arranjou tudo com a corja de toga. #LulaLivre https://t.co/nJHBRo4Yc1"
A FAVOR,APOIO INTERNACIONAL A LULA: L√çDER ALEM√ÉO VAI A CURITIBA #LulaLivre #FreeLula https://t.co/mz16A5hSka
A FAVOR,Alckimin j√° mandou avisar: #LulaLivre https://t.co/vtTGAgAKn4
A FAVOR,"Voc√™ sabe o que √© ""gratid√£o""?
Se sabe,ent√£o n√£o preciso falar  porqu√™ de Lula estar liderando as pesquisas! #LulaLivre 
Gerson Jos√© da Silva"
A FAVOR,"@g1politica STF BANDIDOS DE TOGA 
Tenham  coer√™ncia e mostra pro mundo que o Brasil  tem um pouco de √©tica  !!!
#LulaLivre"
A FAVOR,"@FNDC_BR #Democratiza√ß√£oDaM√≠dia #LulaLivre üáßüá∑ #EntreVistasÔ∏è @RedeTVT

Adv. d @LulaOficial @CZMartins denuncia parcialidade da velha m√≠dia comercial contra ex-Presidente

FNDC Democratiza√ß√£o da Comunica√ß√£o * Para... https://t.co/cWshyh4Ob8"
A FAVOR,"quando vc acha que j√° leu de tudo na internet: ""nazismo √© de esquerda""
assim como o facebook, o twitter, a onu, a globo, a veja, a cnt/mda...
Basicamente tudo que eu discordo, ou que ruim √© de esquerda.  ü§£
#LulaPresidente #LulaLivre #Lawfare #BrasilFelizdeNovo #LulaHaddadManu13 https://t.co/wK07WDwRwW"
A FAVOR,"Aplicativo do Novo troca pontos por pr√™mios, pr√°tica ilegal pela legisla√ß√£o eleitoral.

#JN tem q denunciar , como fez com o mensalinho do PT

Cad√™ a isen√ß√£o?

3 minutos de mat√©ria, vamos l√°.

 https://t.co/dYtJcsTUPY
#LulaLivre #jg #GloboNews #BandNewsFM #G1"
A FAVOR,"Estou preparando meu coquetel molotov @TSEjusbr 
Brincadeira, n√£o precisam se borrar de medo.üòÇüòÇüòÇüòÇ.
#OBrasilFelizDeNovo 
#LulaLivre"
A FAVOR,"GENIAL a primeira inser√ß√£o do Alkcimin, BALA N√ÉO RESOLVE PORRA NENHUMA. Atacou no ponto certo. #ForaBolsonaro &gt; #LulaLivre https://t.co/XhLiYFNhME"
A FAVOR,@correio_dopovo @jucaramteixeira Quem tem medo do @LulaOficial tem medo do povo no poder de novo #lula√©candidato #lulalivre
A FAVOR,"Como em um quebra-cabe√ßa, em que cada pe√ßa tem sua import√¢ncia, a voz de cada cidad√£o, de cada comunidade, de cada coletivo √© o fortalece nossa atua√ß√£o. Assista o depoimento das Mulheres da Comunidade Quilombola de Riacho da Cruz,Janu√°ria. #PadreJo√£o1315 #Elei√ß√µes2018 #LulaLivre https://t.co/erKC9V85Gh"
A FAVOR,"@cynaramenezes @ptsc @psolsc @PCdoBSC Gente, √© muita PUTARIA! S√≥ tem 1 jeito, al√©m do √≥bvio BOICOTE √† tal da @havan e √† @recordtvoficial ...
Encher o saco do @TSEjusbr e do @MPF_PGR pra ver se eles acordam e tomam alguma provid√™ncia S√âRIA e URGENTE!
#EsquerdistasSeguemEsquerdistas
#Lulalivre 
#LulaPresidente"
A FAVOR,Soltem logo o #LulaLivre https://t.co/WjrKucLefX
A FAVOR,"Haddad n√£o tem 'preconceito' contra votar em Alckmin no segundo turno 
#Lulalivre #PT #Manu #PlanoB https://t.co/TD6AO7MhxG"
A FAVOR,"@jandira_feghali #OBrasilFelizDeNovo  estamos juntos por um pa√≠s mais justo e menos desigual.
#LulaLivre"
A FAVOR,"@jandira_feghali Bem vindos bravos companheiros, vcs valem a luta! #LulaLivre"
A FAVOR,Nem acordei para assistir. S√≥ acordo na hora do jogo de futebol! #LulaLivre #LulaHaddadManuela https://t.co/J1KaLvyJ7a
A FAVOR,"Fique por dentro de tudo que acontece na campanha de #Robinson13500. Para fazer parte da nossa lista de transmiss√£o basta adicionar (71) 996913500, enviar uma mensagem com seu nome e cidade e participe da nossa  campanha. 
#For√ßaNovaPraLutar #DeputadoEstadual #LulaLivre https://t.co/DMco9VNMRt"
A FAVOR,√â Isso que a gente precisa fazer....Com #Lula Candidato ou n√£o...Precisamos mostrar essa farsa ao mundo....Porque eles podem tirar o #Lula de onde ele n√£o deveria est√°.....Isso √© uma farsa....E eles cada vez mais investigam sobre isso l√° fora...Precisamos gritar.....#LulaLivre... https://t.co/cFpZ3bXxp1
A FAVOR,"@JQTE_ Urgente favor compartilhar O UOL acabou de colocar uma enquete pra saber se Lula deveria ser candidato, vamos l√° votar! A gente tem que DOMINAR as redes, mostrar pra todo mundo que Lula √© candidato! #Lulalivre. Segue o link: https://t.co/jBWu63r8gx

*VAMOS L√Å PESSOAL!"
A FAVOR,"@dilmabr @LulaOficial A bandidagem golpista quer levar a cabo seu plano s√≥rdido e perverso de manter preso o maior estadista vivo da Am√©rica Latina, sem crime e sem provas, para enfim desestabilizar a oposi√ß√£o e por fim √† democracia! √â preciso reagir hoje e sempre!!!  #LulaLivre  #LulaeHaddad"
A FAVOR,Dilma: Lula fora das elei√ß√µes √© afronta aos direitos do povo https://t.co/jEgug6RYeq via @tijolaco Mais uma n√© Presidenta Eleita @dilmabr  üò• GOLPEJur√≠dicoMidi√°tico no Brasil destruindo tudo #LulaLivre
A FAVOR,"PREM est√° recolhido a um motel, tuitando para os pol√≠ticos emPREMados! #LulaLivre #LulaHaddadManuela https://t.co/XlNr7q0xP4"
A FAVOR,Justi√ßa golpista amea√ßa PT por financiar campanha de Lula - Di√°rio Causa Oper√°ria https://t.co/Li2LSgTuTv Com LulaDeAaZ at√© √†s √∫ltimas consequ√™ncias #LulaLivre
A FAVOR,"#LULALIVRE
Basta de golpe!!!!!

Dilma: Lula fora das elei√ß√µes √© afronta aos direitos do povo https://t.co/bjsoAHBCOa via @tijolaco"
A FAVOR,@revistaforum Isso sim que √© not√≠cia boa. Fora golpistas. #LulaLivre #LulaPresidente #OBrasilFelizDeNovo
A FAVOR,@lacerda1948 üòÄüòÄ#LulaLivre para ver #OBrasilFelizDeNovo
A FAVOR,"Voc√™ a√≠, acha mesmo que vai ter ""Lula Livre""? #CiroPresidente #Ciro12 #LulaLivre https://t.co/I6AN4zbPZI"
CONTRA,"@LulaOficial Isso √© uma afronta √†s institui√ß√µes brasileiras, principalmente a justi√ßa. O Lula e o PT n√£o respeitam ningu√©m. Querem fazer que parte do povo acredita na inoc√™ncia dele,  jogando estes, desprovidos de conhecimento, contra a justi√ßa brasileira. LULA N√ÉO √â INOCENTE #LulaPreso"
CONTRA,"ONU protegendo um bandido preso e condenado... 
Direitos humanos sempre protegem bandidos dizendo que s√£o vitimas da sociedade...
Coincid√™ncia?? N√£o kkk s√≥ a ONU sendo ONU! Um lixo de organiza√ß√£o que s√≥ protege bandidos e luta contra Israel. 
#ONUGaranteLula #LULAPRESO"
CONTRA,"@ElzaMonteiro9 Sabe qual √© a parte curuosa, Elza: nenhum deles √© juiz no caso. #lulapreso"
CONTRA,"""Deu ruim pro PT""... Pesquisa do Ibope mostra que eleitores do #Lulapreso podem ""eleger"" Bolsonaro! E agora, Jos√©?üòÇüòÇ"
CONTRA,@ManuelaDavila Voc√™ √© SUBMISSA de dois homens que te colocaram para tr√°s. #LulaPreso √© quem tem que falar e n√£o a vice do vice. Existe feminista submissa? #ONUGaranteLula? ü§£ü§£ü§£ #BolsonaroPresidente17 #DIREITASEGUEDIREITA #DireitaUnida
CONTRA,"@MBLivre #Estamos coma a justi√ßa, ou seja, com ""Moro"",#Lulapreso..."
CONTRA,"@Jairopintor @mariadorosario @LulaOficial Esse posso s√≥ pr√≥s toupeiras cegos/surdos/mudos que enxergam no PT uma religi√£o e no Lula um Deus. PRO RESTO INTELIGENTE da popula√ß√£o, a m√°scara caiu faz tempo!!!! #lulapreso"
CONTRA,"@LulaOficial √© presidi√°rio, n√£o adianta querer ser salvo por tudo quando √© brechas e chicanas. Isso sim √© querer da um golpe MONSTRUOSO no Brasil. Se hoje estamos no fundo do po√ßo n√£o √© coisa de agora, isso j√° se arrasta de v√°rios anos todos sabem. #LulaPreso #lulapresidi√°rio"
CONTRA,"@Enquette_ S√≥ quem apoia a candidatura de #lulapresidiario √© corrupto, bandido igual √† ele... pague pelo seu feito #LulaPreso"
CONTRA,#Ineleg√≠vel ficha suja #LulaPreso https://t.co/M1c7boBgXo
CONTRA,"@LulaOficial #LulaPreso cr√°pula mentiroso, condenado por corrup√ß√£o, ficha suja ineleg√≠vel"
CONTRA,"@pauloteixeira13 Negativo, lugar de bandido condenado √© na cadeia!!! #LulaPreso"
CONTRA,@PTnoSenado negativo! lugar de bandido condenado √© na cadeia #LulaPreso
CONTRA,@claudioedantas O partido inteiro deve ser expulso do Brasil! #lulapreso
CONTRA,#ONUGaranteLula E essa vergonha que o PT ta querendo passar de novo kkkkkkk #LulaPreso #Lulalivre2030
CONTRA,#ONUGARANTELULA #Lulapreso no Paran√° sarav√° lula continua no inferno #Lulanacadeia #Luladr√£o #ForaONU
CONTRA,@PTnoSenado A #ONU vai garantir o condenado preso #LulaPreso por corrup√ß√£o ficha suja que ele mesmo assinou
CONTRA,@ManuelaDavila A #ONU jamais vai defender bandido condenado em duas inst√¢ncias por corrup√ß√£o #LulaPreso vai ficar preso
CONTRA,@Estadao @fausto_macedo Corrupto condenado em duas inst√¢ncias esse cr√°pula #LulaPreso quer ter direitos? Vai se catar
CONTRA,"@badbitcheverrr boa tarde, #lulapreso"
CONTRA,@Adote1Amigo @alexandrecct @souguereira @lojasamericanas HAHAHAHA! Agora sim- AMERICANAS J√Å ! #lulapreso
CONTRA,Eu vou trabalhar com a tag #Lulapreso kkkkkkk
CONTRA,@ptbrasil Com certeza o STF vai at√© interromper a sess√£o pra ler os coment√°rios aqui na hashtag. Nunca vi voc√™s subirem a tag #LulaPreso ou #LulaNaCadeia.
CONTRA,"Via @estadao: Lula culpa Tribunal da Lava Jato por 'instabilidade pol√≠tico-jur√≠dica' -  https://t.co/94ORL3m0ts Lula √© um MAU CAR√ÅTER CR\√ïNICO. Ele,ChefeDeOrcrim,corruPToMor,respons√°vel p/toda esta crise.#LulaPreso"
CONTRA,@dilmabr @LulaOficial #lulapreso sempre pois l√° √© lugar de bandido
CONTRA,@dilmabr @LulaOficial O desembargador ficou 3 horas lendo provas contra esse bandido lavador de dinheiro. √â inocente sim. #LulaPreso
CONTRA,Pol√≠tica √© nojento mesmo...Sempre colocando a culpa no outro. Mas o temer n√£o era vice da Dilma? Est√£o super confiante com o papel de figurante do #lulapreso #eptv1
CONTRA,"A #m√≠dialixo sendo #lixo de verdade! Imagina o Plano de #LulaPreso para a seguran√ßa? Soltar todos os bandidos, prender toda pol√≠cia e excluir a #LavaJatoü§î https://t.co/YhOp7yts4N"
CONTRA,Estamos vivendo o climax da #pol√≠ticaLixo! #LulaPreso e muito preso! https://t.co/q0JMpYWwaT
CONTRA,"Qualquer not√≠cia que mostra pesquisa com o Lula √© fake news. 

#Brasil #eleicoes2018 #LulaPreso #LulaPresidente"
CONTRA,#LulaPreso e muito preso! https://t.co/Ou7bu7GGQ7
CONTRA,@jjbonnies @mtesperon @iaragc S√≥ especula√ß√µes mesmo... A vdd √© outra.... #Lulapresoüëç
CONTRA,"Entendam,
Quando mais falam que este Lula est√°  na frente das falsas pesquisas. Mais o D√≥lar sobe... mais investidores se afastam do Brasil... afinal quem vai querer investir em um pa√≠s que o Presidente √© condenado por corrup√ß√£o?
#datafolha 
#LulaPreso
#Lulaepresidiario"
CONTRA,@PauloBa30395640 Vai tomar no CU seus #lulapreso vagabundos
CONTRA,@Castro2Monica Agora comprarei mais vezes nas lojas americanas! #Lulapreso
CONTRA,"Argumento #PTista: ""#Bolsonaro n√£o presta"".
Argumento pra #Ptistas ""#LulaPreso est√° Muito preso""."
CONTRA,"@UOL Apoiando bandido @UOL que vergonha em 
N√£o sabia que preso pode se candidatar 
Vamos cair na realidade 
#Lulapreso"
CONTRA,@JovemPanNews @veramagalhaes Sim... o plano L. #LulaPreso #Lulanacadeia
CONTRA,@UOL Por que ser√° que n√£o usam uma foto atual? ü§îüòÇ #LulaPreso
CONTRA,"Mito fazendo os militontos ficarem doido...
#LojasAmericanas
#Bolsonaro17
#LulaPreso https://t.co/vlvnY3PlQp"
CONTRA,O fim de Lula - #LulaPreso https://t.co/oTT8Hgk1tV
CONTRA,"Quando essa Katia fala que √© candidata do lula, √© a mesma coisa do traficante da esquina falar que √© empresario do fernandinho beiramar!!

#ptnuncamais
#ptransodobrasil
#ptcorrupto
#lulaladr√£o
#lulacriminoso 
#lulapreso"
CONTRA,"S√≥ de ver essa senhora de vermelho j√° me da um embrulho no estomago. como alguem pleiteia um condenado criminoso para ser governante??? #lulapreso #lulacriminoso #ptquadrilha
#areda√ß√£o
#debategoi√°s
#vemproz√©
#zeelitonvencedebate
#ondaazul
#pragovernadoromelhor
#z√©eliton"
CONTRA,O #LulaPreso quer voltar pra colocar o #Brasil 100% pobre! https://t.co/ZBvAknw7HC
CONTRA,A que ponto chegamos ou onde chegaremos? A marca #Lula morreu! #LulaPreso e muito preso! https://t.co/cpDZLiHbUH
CONTRA,"Aimmm meu vizinho e do sindicato dos metal√∫rgicos, vota no PT e faz um inferno da minha vida... ent√£o √© culpa do #LulaPreso

Ah tom√° no c√∫... √© muito mimimi

#BolsonaroPresidente17"
CONTRA,"S√≥ acho que o Lula deveria se soltar mais nos debates, estou achando ele um pouco preso.

#Lulanacadeia #eleicoes2018 #LulaLivre #Bolsonaro2018 #STFvergonhanacional #LulaPreso"
CONTRA,"Dispon√≠vel na penitenci√°ria mais pr√≥xima.¬†
#luladr√£o #lulaladr√£o #lula #LulaPreso #LulaPresidi√°rio #kidding #fun #funny #piada¬† https://t.co/D1FJZIzXLx"
CONTRA,"Dispon√≠vel na penitenci√°ria mais pr√≥xima.

#humor #comedia #meme #lula #luladr√£o #lulanacadeia #LulaPreso #ForaPT https://t.co/OVFh72OXPI"
CONTRA,"‚ÄúMultid√£o‚Äù em Cuiab√° pedindo o presidi√°rio livre. A contar pelos poucos gatos pingados e pela qualidade da faixa, acho que t√° faltando grana. Hehehe #lulapreso #lulaladrao üëäüèªüí™üèª üáßüá∑"
CONTRA,"@filgmartin @joaoamoedonovo @partidonovo30 Partido Novo lembra a m√∫sica de  Cazuza e o ""museu de grandes novidades"".

#Presodenciavel
#LulaPreso #LulaPresoSempre
#MolusconaCadeia    
#CadeiasemLulaeFraude
#FBIpeguemoLula
#FimdoForo #10medidas #ForaMaia #BastadeCoroneis #LulanaCadeia #LulaemCana #BrahmanaCadeia #foraPT"
CONTRA,"Fim de linha para Lula.

#lula #luladr√£o #lulanacadeia #LulaPreso #ForaPT #TSE https://t.co/IXTtJR6Fo7"
CONTRA,"@mariadorosario Supera. Conversa com um psic√≥logo. Se liberta. Ahhh....esqueci.... voc√™ precisa do foro privilegiado. A√≠ sim, vai se libertar... da cadeia... #LulaPreso"
CONTRA,"Pauta: Lula Ficha Suja. 

#LulaPreso https://t.co/XAWL18uJWQ"
CONTRA,#alckmin  dando revertida no canal globonews  üòÇüòÇüòÇüòÇüòÇ #Lulapreso e a rede insiste em dar pesquisa mentirosa! Amanha a fantasma ser√° tratada a #paodel√≥ üò°üò°üò°üò° #eleicoes2018 https://t.co/POOB7NjZ2O
CONTRA,"O que dizer sobre isso hein @RedeGlobo  @realwbonner ?

Vcs v√£o  perder a mamata e est√£o desesperados

@jairbolsonaro #Bolsonaro17 
#BolsonaroPresidente17 
#lulapreso https://t.co/Kr7exvYOIP"
CONTRA,O Brasil vai sorrir de novo. #DireitaUnida #DireitaSegueDireita #lulapreso https://t.co/mfoyRQnbUH
CONTRA,"TSE pode julgar registro de Lula na sexta-feira
 https://t.co/p4dGZyKjP6 #curitiba #jornale #noticiascuritiba #lulalivre #Lulapreso #republicadecuritiba #sergiomoro #pol√≠tica #pol√≠tico #brasileiros #povobrasileiro #elei√ß√µes2018 #lula2018 #lulapelobrasil #partidodostrabalhadores"
CONTRA,"N√£o aguento mais ouvir o @realwbonner dizer que o Lula est√° preso em Curitiba! Caramba, ele ficar√° 12 anos l√°. #lulapreso #GeraldoNoJN #globo #ptnacadeia"
CONTRA,"‚ÄúEu n√£o tenho estas informa√ß√µes, voc√™ √© mais poderoso do que eu e consegue‚Äù
Geraldo Alckmin para o Bonner

Kkkkkkkkkkkkkkkl

#AlckminNoJornalNacional #BolsonaroPresidente17 #Bolsonaro #LulaPreso"
CONTRA,"TSE far√° sess√£o na sexta que pode julgar participa√ß√£o de Lula em hor√°rio eleitoral

The End #LulaPreso

https://t.co/7T2czXly8I"
CONTRA,@folha Grande era o triplex do bandido preso ! #lulapreso
CONTRA,Tamb√©m n√£o nos esquecemos que voc√™ dobrou a d√≠vida interna... #lulapreso https://t.co/fdOppG6T4u
CONTRA,#Bolsonaro2018 e #lulapreso est√£o destruindo mais amizades que a carta de +4 Do Uno
CONTRA,@AntonioQuinto51 @LulaOficial Rei da bandidagem rei da roubalheira. #LulaPreso
CONTRA,"@mariadorosario Preocupe-se com sua campanha. Assim s√≥ aumenta o n√∫mero de eleitores de Bolsonaro. Ou a senhora acha que o po√ßo brasileiro gosta de sua postura? A senhora o acusa de machista e mis√≥gino e isso que sente √© amor, s√≥ pode. #lulapreso"
CONTRA,@LulaOficial @AntonioQuinto51 Tem que ficar preso ate o √∫ltimo dia da sua pena.#LulaPreso
CONTRA,@cadutopia @pecesiqueira Bandido apoia bandido n√© #LulaPreso
CONTRA,@ManuelaDavila Eu sou o #LulaPreso
CONTRA,Enquanto isso o nosso molusco continua preso :D #LulaPresidente #lulapreso #lulapresidi√°rio #luladrao https://t.co/sBTbkdml2o
CONTRA,"@Tatibertini @israel_mza Sim existe pol√≠cias despreparados!
Por causa da robalheira dos pol√≠ticos n√£o houve investimentos em sa√∫de, educa√ß√£o e seguran√ßa!
Tivemos um presidente despreparado e ladr√£o!
#lulapreso
#BolsonaroPresidente17 
üòâ"
CONTRA,"Esse meu filho e.demais üòÇ
#lulapresoü§£üòÇüò≤ https://t.co/5kzrYHqq7C"
CONTRA,@AnaMLopesFotos Eu tamb√©m. #lulapreso #amoedo2018
CONTRA,"142 de 4280

23:59 E esse machismo nos sal√°rios, como vai combater?
00:00 meu sal√°rio n√£o vale...

#BolsonaroNaGloboNews #BolsonaroPresidente17
#Bolsonaro2018
#Isto√©Desespero #LulaPreso #lulacorrupto #LulaNaCadeia  #lulapoliticopreso #Lula√âPresidi√°rio  #RIPJornalismo https://t.co/wRX3Ym069b"
CONTRA,@LulaOficial Concordo com vc! Ningu√©m melhor pra fazer isso do que o MONSTRO DO P√ÇNTANO! O foda eh que vc t√° ‚ÄúPreso‚Äù em outro compromisso... deixa p√° pr√≥xima! #LulaPreso
CONTRA,@ptbrasil @LulaOficial @Haddad_Fernando Mas ele continua preso! Kkkkkkkk #LulaPreso #LulaLadr√£o
CONTRA,@MitndopraGeral1 @izzac007 @iAKigAMi_ @roxmo @jairbolsonaro Melhor foto que eu vou ver hoje kkk #LulaPreso
CONTRA,"@o_antagonista Nem a PF de Curitiba! üòâ
#LulaPreso"
CONTRA,"√â pra isso que eu pago a internet, eheheheh #BolsonaroNoJornalNacional #BolsonaroNoJN #lulapresidi√°rio #lulapreso #luladrao https://t.co/pUVLs91DVf"
CONTRA,ü§£ü§£ü§£ S√≥ pra lembrar üëâüèª #Lulapreso #BolsonaroPresidente17No1¬∫Turno https://t.co/XVKcjAo5F2
CONTRA,"S√ì NUM PA√çS de corruptos e sem justi√ßa, portador de grande falta de √©tica, que um candidato condenado e atr√°s das grades pode estar como candidato a presidente d√° Rep√∫blica. A verdade √© LULA PRESO. 
#DireitaUnida #Lulapreso"
CONTRA,#elei√ß√µes #elei√ß√µes2018 #perfei√ß√£o #perfeito #lula #lulapreso #presidi√°rio #presidenci√°veis em Ribeir√£o Preto https://t.co/GFoxvqbxdF
CONTRA,As nossas crian√ßas fazem essas atrocidades nas escolas e o Bolsonaro fica preocupado com kitgay üóØÔ∏è #eleicoes2018 #LulaPreso #educa√ß√£o #eleicao2018 https://t.co/dbiiKpyvWm
CONTRA,Melhor agenda de todos os tempos! #lulapreso https://t.co/begQVcW80X
CONTRA,Lula queria que que Bonner e Renata fossem apresentar o JN especial direto da cela dele em Curitiba? #lulapreso https://t.co/lNn2oW4TGZ
CONTRA,@maximodejr E sai pelos fundos para a cadeia. #LulaPreso
CONTRA,@MBLivre Eu estou com a LEI #LulaPreso
CONTRA,"@mateus_sousa7 @MomentsBrasil @mcbretas Molecao... na boa!!! Vai estudar um pouco... um dia, quem sabe, a gente troca uma outra ideia.

Abs e #lulapreso #lulacondenado #chora"
CONTRA,"@folha Universit√°rios ou maconheiros vagabundos sustentados pelos pais? 

Melhor #JAIR se acostumando

@jairbolsonaro @BolsonaroSP
@CarlosBolsonaro #BolsonaroPresidente17 
#BolsonaroNoJornalNacional 
#BolsonaroNaGloboNews 

#LulaNaCadeia
#LulaPreso @LulaOficial @ptbrasil 
@dilmabr"
CONTRA,"TSE nega ao PT cobertura di√°ria de Lula na TV.
#Lulapreso #ForaLula

üëçüèªCurtam
#LigaDaJusticaPage https://t.co/Ry9mNdQilJ"
CONTRA,"Eleitor de #Presidiario #LulaPreso n√£o tem moral de esclarecer porra nenhuma , quem defende bandido tem que se calar simples assim . https://t.co/0zASyEYuJW"
CONTRA,"@MouraoVice Ao mesmo tempo que mant√©m uma candidatura ilegal para o substituto n√£o ir aos debates e a imprensa ficar isenta de atacar a pris√£o do bandido chefe. Tamb√©m priva de deixar claro que todos os outros s√£o parceiros da roubalheira.
@TSEjusbr vamos impugnar logo. #LulaPreso"
CONTRA,"@radiobandnewsfm E o #Datafolha #PesquisaIbope tem valor????? Me poupe heim. 

Melhor JAIR se acostumando

#BolsonaroPresidente17 

#BolsonaroNoJornalNacional 
#BolsonaroNaGloboNews 
#LulaNaCadeia
#LulaPreso
@jairbolsonaro 
@BolsonaroSP"
CONTRA,"√â primeira vez que eu um livro dito infantil n√£o poder ser mostrado no jornal em rede nacional

#BolsonaroNoJornalNacional 
#ChupaGlobo #BolsonaroPresidente17 
#Bolsonaro #Mito #LulaPreso #LulaNaCadeia @LulaOficial @jairbolsonaro @BolsonaroSP https://t.co/06ibJcbVt0"
CONTRA,"Bom dia, inclusive pra quem est√° tomando caf√© da manh√£ escondido! 
#LulaPreso https://t.co/ZMHtprlbDm"
CONTRA,"@ptbrasil @LulaOficial √â, acho que todos os petistas do Brasil estavam a√≠....
Kkkkkk!
#ForaPT #LulaNaCadeia #LulaPreso #mimimi #Bolsonaro17"
CONTRA,@LulaOficial @Haddad_Fernando Eu queria ver o #LulaPreso fazendo campanha com os companheiros presidi√°rios
CONTRA,E #LulaPreso me lembra os concursos de Carnaval em que Cl√≥vis Bornay os disputava como hors-concours... https://t.co/oc0giMGRSF
CONTRA,"@carinavitral Posta a foto do Lula na bancada do JN, ops! #LulaPreso"
CONTRA,"@BlogdoNoblat #LulaPreso n√£o pode ter regalias, √© bandido condenado, ineleg√≠vel, ficha suja, ent√£o fim de papo"
CONTRA,"@zehdeabreu Queria.ver o #LulaPreso #lulabandido andar na rua, toma caf√© ir na feira ... bandido isso sim que esse lixo ... que por.conta de sua quadrilha matou mais que salvou"
CONTRA,"Lula com 37% 

por Roque Sponholz 
#lula #charge #eleicoes2018 #eleitor #lulapreso #voto #pesquisa #charge #humor #opovonaosabevotar https://t.co/V40LJz2Qsm"
CONTRA,"Aula de direito penal:
Matar uma pessoa: HOMIC√çDIO 
Matar a si pr√≥prio: SUIC√çDIO 
Matar um povo: GENOC√çDIO 
Matar um governo: VOTAR NO LULA

#LulaPreso"
CONTRA,Os artistas dependentes de Lei Rouanet s√£o muito suspeitos. #elei√ß√µes #elei√ß√µes2018 #LulaPreso #esquerdanuncamais
CONTRA,"@zeboquita @milanijulicys @cristinaarfrei1 @AnandaMonteiro8 Vou te contar um segredo, votei na Dilma e no Pimentel na √∫ltima elei√ß√£o. 

#LulaPreso #LulaNaCadeia #navenezuelanaotempaocommortadela"
CONTRA,@jairbolsonaro O melhor √© ver os #LulaPreso fazendo propagando gratuita pro Bolsomito KKKKKKKKKKKK
CONTRA,"@zeboquita @milanijulicys @cristinaarfrei1 @AnandaMonteiro8 Vou ze boquete, terminou o p√£o com mortadela. Tava sentindo sua falta, vai pra Venezuela em janeiro ou novembro mesmo.
L√° n√£o tem p√£o com mortadela, ali√°s n√£o tem nada pra comer.
#LulaPreso #LulaNaCadeia #venezuelanaotempaocommortadela"
CONTRA,S√≥ sei q meu voto √© Jo√£o Amoedo Kakaka e foda-se o resto... #lulapreso #bolsonaromorto zoa Kakaka nada Contra
CONTRA,"Simples! A pesquisa √© uma farsa, ora bolas! #lulapreso https://t.co/VZEI2kPXmK"
CONTRA,@carinavitral #BolsonaroNoJornalNacional. Se fosse o #LulaPreso qual imagem voc√™ colocaria? Os irm√£os metralhas?
CONTRA,"Na verdade o lula s√≥ foi pra cadeia pra entender melhor como funciona o trafico de drogas no brasil para poder a partir da experiencial real com o problema criar uma solu√ß√£o 
#lulapreso"
CONTRA,"Grande decis√£o do @TSEjusbr , √© desse jeito que o Brasil cresce. Colocando pol√≠ticos presos em seus devido lugar...#LulaPreso #lulaineleg√≠vel https://t.co/rbEHWYoCmF"
CONTRA,"@zeboquita Cad√™ a sua foto, √± mostra pq? √â procurado? T√° preso? Ou √© muito feio 
#LulaNaCadeia #LulaPreso #acabouopaocommortadela"
CONTRA,"S√≥ eu que adoro ouvir isso?

""O candidato Luis Inacio Lula da Silva n√£o pode dar entrevistas, por determina√ß√£o da Justi√ßa, ele est√° preso em Curitiba, condenado por corrup√ß√£o passiva e lavagem de dinheiro""

#LulaPreso #LulaLadr√£o #LulaCorrupto #LulaFoiCondenado https://t.co/xQj1K5yiZ6"
CONTRA,@LannesDelRey Ainda bem que ele est√° em primeiro lugar.. j√° o  #LulaPreso n√£o n√©.
CONTRA,"@zeboquita @cristinaarfrei1 Vc n√£o faz ideia o tanto q t√¥ rindo da sua ignor√¢ncia, acho q vc q vai ter uma √∫lcera de ver deu ""DEUS"" preso, m√°ximo q posso ter √© uma crise d tosse d tanto rir.
#cadeafonte #lulapreso #lulanacadeia #acabouopaocommortadela"
CONTRA,"Algu√©m j√° explicou pra @RedeGlobo que n√£o vale desmentir quem j√° morreu e que n√£o pode rebater por isso?

#Presodenciavel #LulaPreso #LulaPresoSempre
#LulanaCadeia #MolusconaCadeia #CadeiasemLulaefraude #BastadeCoroneis #FimdoForo #ForaMaia #LulaInJail #FBIpeguemOLula #10medidas https://t.co/pZSEvKdNfs"
CONTRA,"@zeboquita @cristinaarfrei1 Cad√™ a fonte? √ë tem argumentos n√©, s√≥ repete #foigolpe, kkkkk
Vc n√£o da meia lata de merda.
#lulacachaceiro #LulaPreso #LulaNaCadeia"
CONTRA,@Metropoles @N_Carvalheira Porra PT j√° era... #Lulaepresidiario #LulaPreso
CONTRA,"@ptbrasil @Haddad_Fernando @LulaOficial Post s√≥ 21.30h?
Estavam assistindo o #BolsonaroNoJornalNacional?
Kkkk
#ForaPT #LulaNaCadeia #LulaPreso #bolsonaro2018"
CONTRA,@startupdareal Para de falar bosta ! √â #BolsoMito #LulaPreso #Chupaaaaa
CONTRA,@LulaOficial Luladr√£o seu lugar √© na pris√£o #LulaPreso
CONTRA,"Lugar de ladr√£o √© na cadeia, o Lula, est√° em casa????
#eleicoes2018 #MudaBrasil #Lulaladr√£o #lulapreso"
CONTRA,"@LulaOficial Voltar pra cela depois do banho de sol, s√≥ se for... #Lulaepresidiario #LulaPreso"
CONTRA,@bieberfollowBRA Entre ele o #lulapreso eu prefiro o @jairbolsonaro.
CONTRA,@ArthurValim Ainda bem que o #lulapreso seguiu arrisca os 10 mandamentos de L√™nin.... Um verdade democrata humanista!
CONTRA,@manny_tag @edmilsonpapo10 Pena que voc√™ n√£o vai ver a do seu candidato #BolsanaroNoJornalNacional #Lulapreso
CONTRA,"@OFurico_Oficial Como √© que √©? Eu n√£o quero outro Regime Militar. Sou Conservador Moderado e n√£o gosto de Extremismos. Avise-me se √© isso que voc√™ espera de @jairbolsonaro que me desconectarei de sua conta.
#BolsonaroNoJornalNacional 
#LulaPreso"
CONTRA,#BolsonaroNoJornalNacional A Globo n√£o gosta dele.....√¥ d√≥. #Bolsonaro #Bolsonaro2018 #Brasil #PauNoMolusco #LulaPreso #TchauQuerido #CorruPTos #ImpeachmentDilma
CONTRA,"@carcouca @ptbrasiI Perseverem ent√£o. Construam uma hist√≥ria digna, n√£o defendam criminosos. #Lulaepresidiario #LulaPreso"
CONTRA,#BolsonaroNoJornalNacional j√° come√ßaram dando na canela do @jairbolsonaro falando que #lulapreso √© l√≠der nas pesquisas.
CONTRA,"@joaoamoedonovo @na_serra Como eu quero muito o Estado M√≠nimo, meu voto √© @jairbolsonaro

#Presodenciavel
#LulaPreso #LulaPresoSempre
#MolusconaCadeia    
#CadeiasemLulaeFraude
#FBIpeguemoLula
#FimdoForo #10medidas #ForaMaia #BastadeCoroneis #LulanaCadeia #LulaemCana #BrahmanaCadeia #LulaCondenado"
CONTRA,@calu_barros Pena que o lula n√£o vai poder comparecer em nada como por ex #jornalNacional Porque √© um LADR√ÉO √© ta na cadeia pagando sua safadeza ksksksksk . E mais triste √© que tem uns seguidores burrinhos!! vista sua camisa de PT √© v√° chorar l√° #lulaLivre kkk s√≥ que N√£o kk #LulaPreso kkk
CONTRA,@TerraNoticiasBR Nem banho de sol ele est√° ganhando quem dir√° a elei√ß√£o... bandido n√£o pode concorrer a presid√™ncia... #LulaPreso
CONTRA,"LULA DIZ QUE OS 11 MILHOES DE REAIS NO INVENT√ÅRIO DE DONA MARISA, S√ÉO FRUTOS DE 6 ANOS VENDENDO AVON. CHUPA NATURA !
 rs..rs..rs..

#Lulapreso #Lulaladrao"
CONTRA,Lula aparece na Nova Zel√¢ndia https://t.co/JKkWJSMmLj #Lula #PT #Eleicoes #Eleicoes2018 #LavaJato #LulaNaCadeia #LulaNaPrisao #LulaPreso
CONTRA,@LulaOficial Realmente... Na minha  opini√£o vc #Lula tem que se #soltar mais... T√¥ te achando muito #Preso üòÇüòÇüòÇ #lugardebandidoehnacadeia #lulapreso #presidiario #lulalivredaqui12anos #barbudodosatanas
CONTRA,"Nenhum candidato √© perfeito! O problema √© que s√≥ cobram perfei√ß√£o do Bolsonaro! 
Para os outros, at√© ser presidi√°rio vale! #BolsonaroNoJornalNacional #BolsonaroPresidente #LulaLivre #LulaPreso #folha #G1"
CONTRA,#LulaPreso e voc√™: https://t.co/ehfU2Nkl5a
CONTRA,"@o_antagonista T√™m o dever de vetar sim porque #LulaPreso por corrup√ß√£o, ineleg√≠vel"
CONTRA,"@LulaOficial Devolva o cell pro carcereiro seu bandido. 
Largue de falar mentiras. 
#lulapreso"
CONTRA,"@gleisi Mas nem com uma carta do Papa...
#LulaPreso"
CONTRA,"Presidente dos pobres?? Ah ta. Tirou dos pobre para colocar no seu bolso isso sim
S√≥ 13 motivos (tem muitos mais)
#lulapreso
https://t.co/Z8xmuwLM5M"
CONTRA,"O Presidi√°rio que ama o povo
""N√£o √© poss√≠vel um povo CHATo"" diz o ladr√£o dentro do √¥nibus enquanto que os ""chatos"" est√£o do lado de fora ... Realmente ama o povo
#lulapreso
#MensalinhoDoTwitter
https://t.co/C9y1VNtyWf"
CONTRA,@LulaOficial A dupla r√©u e condenado s√£o caf√© com leite nessas elei√ß√µes #MensalinhoDoTwitter #lulapreso #lulaladrao
CONTRA,"A presidenta e o PT ignoram a realidade de novo! O Celso Amorim diz q o Brasil deve seguir a RECOMENDA√á√ÉO da ONU; neste contraponto fica claro q na an√°lise sobre os direitos pol√≠ticos do Lula n√£o foi levada em considera√ß√£o a LEI DA FICHA LIMPA. #lulapreso

https://t.co/XM7pO3cRoB"
CONTRA,@jairbolsonaro  espero q sr qd sentar na cadeira do jornal Nacional pra sua sabatina .. Abra o jaleco e deixa a mostra sua camisa com uma BANDEIRA DO BRASIL.. Se poss√≠vel diga #lulapreso e viva #sergiomoro BRASIL ACIMA DE TUDO E DEUS SOBRE TODOS
CONTRA,"√â s√≥ impress√£o minha ou a Petezada t√° sumida hoje? N√£o vejo ningu√©m com aquela $disposi√ß√£o$ em defender o #LulaPreso.

Devem estar em desespero pois, n√£o sabem fazer outro tipo de milit√¢ncia que n√£o seja paga. Afinal, s√≥ idiotas defendem o PT de gra√ßa. 

#MensalinhoDoTwitter"
CONTRA,"Fachin libera para julgamento pedido de liberdade de Lula
 https://t.co/fAGV3RG2XB #curitiba #jornale #noticiascuritiba #edsonfachin #lulalivre #Lula2018 #lulapelobrasil #lulapreso #partidodostrabalhadores #paranaenses #sergiomoro #republicadecuritiba #paranaense #pol√≠tica #cwb"
CONTRA,"Eles nunca sabem de nada... hipocrisia.
#lulapreso https://t.co/PYMybM0kUQ"
CONTRA,@jandira_feghali @Carlos70784900 Estou com Bolsonaro para acabar com essa farra toda #bolsonaro2018 #lulapreso #queapodre√ßanaprisao
CONTRA,"Essa ptezada s√≥ sabe roubar... Seja l√° de q maneira for! Nojo dessa esquerdalha!
#LulaPreso #Lula√âPresidiario E sempre ser√°! https://t.co/JisVIY4Kxy"
CONTRA,"Aeeeeee Cir√£o, que tongada hein?! @cirogomes #LulaPreso https://t.co/aKNYDt7X1R"
CONTRA,"@MadreDamaFestas @crisotobias @KelyBarrelin @lindberghfarias Aqui est√° um dos motivos de eu n√£o querer #lulaPreso , eu n√£o quero falar ‚Äúvcs ter√°‚Äù ü§¶üèª‚Äç‚ôÇÔ∏è"
CONTRA,"Obrigado @LulaOficial e @dilmabr arrebentaram com nossas economias por conta de populismo falso e caro, enganaram os pobres e menos favorecidos durante 15 anos. Agora vai ser cadeia para os dois. #LulaPreso #DilmaNaCadeia

#EuVotoBolsonaro17 
#VotoImpressoJa @TSEjusbr https://t.co/oJoDIIrq0n"
CONTRA,"@blogdosakamoto
N√£o vai falar nada sobre isso ?

@TwitterBrasil  #MensalinhoDoTwitter

#BolsonaroNaBand #BolsonaroPresidente17
#Bolsonaro2018
#Isto√©Desespero #LulaPreso #lulacorrupto #LulaNaCadeia  #lulapoliticopreso #Lula√âPresidi√°rio  #RIPJornalismo https://t.co/YwjmwCZvNO"
CONTRA,"@UOLNoticias Se foi liberado 500 milh√µes de reais para os twitteros.  O que pode ser liberado a√≠?

#lulapreso √© um criminoso condenado e ficha suja."
CONTRA,"141 de 4280

E esse machismo e amea√ßa o @TwitterBrasil e as feministas suportam? #MensalinhoDoTwitter

#BolsonaroNaBand #BolsonaroPresidente17
#Bolsonaro2018
#Isto√©Desespero #LulaPreso #lulacorrupto #LulaNaCadeia  #lulapoliticopreso #Lula√âPresidi√°rio  #RIPJornalismo https://t.co/lfrV5HAbNM"
CONTRA,@EVOLUTWEET @ofernando34 @Estadao O cara defende um condenado e quer falar mal dos outros! #LulaPreso #LulaCorrupto
CONTRA,"@manotelli Quando o Pt faz m*?????
 Petrolao, Mensal√£o; todos os r√©us confessos dos Pt; todos os delatores q entregaram os esquemas do Pt.  Tdos fatos... #LulaNaCadeia #lulapreso"
CONTRA,O esquerdista @chico_pinheiro deveria ser o correspondente da @RedeGlobo na #republicadecuritiba para entrevistar @LulaOficial #LulaLivre #LulaPresidente #lulapreso #LulaNaCadeia #lulanaglobo #CiroNoJN #lulanojn #JairBolsonaro #BolsonaroNoJornalNacional
CONTRA,"At√© o Lula @LulaPelo_Brasil j√° se decidiu.. #17 üòÜ

17

#Lula17 #LulaLivre #Bolsonaro2018 #Bolsonaro17 #Lulapreso #Lulanacadeia https://t.co/jiB2ac7wWy"
CONTRA,"@UOL S√≥ li verdades.
#MensalinhoDoTwitter 
#LulaPreso 
#lulapresidi√°rio"
CONTRA,"Democracia para um povo burro d√° nisso! 

P√¥ncio Pilatos perguntou √† multid√£o:
- Qual desses dois quereis v√≥s?
E o povo respondeu:
- Barrab√°s, o ladr√£o!

Mais de dois mil anos se passaram e o povo continua escolhendo os ladr√µes!!! #LulaPreso ‚Äî se sentindo pensativo"
CONTRA,"#stfvergonhanacional #STFLIXO #lulapresidi√°rio #LulaPreso #LulaNaCadeia @joflcina5721 @OdaviasMachado @branci13 @ForaStf @FadaSilvermist @LCMor9 @FPetralha @Dna_Fabby @lord2k10 @EdvoAcioli @patitaBr @Foralula @_foraLULA @_FORALULA_ 

Agora a novela √© virtual... https://t.co/pkHlpkD6Mb"
CONTRA,"Queria ver uma foto do Lula na cadeia! Deve valer uma fortuna essa foto! üòÇüòÇüòÇ

#Lulanacadeia #Lulapresidiario #Lulapreso"
CONTRA,"@jandira_feghali @LucasDelRey N√£o mesmo !
#LulaPreso"
CONTRA,"@czmartins O maior respeito a democracia que o Brasil ir√° demonstrar √© fazer com que esse ladr√£o safado cunpra sua pena sem essa babaquice de ONU se metendo aqui no nosso pa√≠s .
#LulaPreso"
CONTRA,√çndice Bandü§î                                               @jairbolsonaro @CarlosBolsonaro @FlavioBolsonaro @BolsonaroSP     Porque insistem num presidi√°rio. #Lulapreso #Bolsonaro17 https://t.co/OPJrydwpek
CONTRA,"@jandira_feghali Eu n√£o, nunca, jamais #lulapreso #bolsonaropresidente"
CONTRA,"Engra√ßado, amiguinhos da esquerda n√£o publicam propostas, s√≥ atacam os advers√°rios. #desespero #lulapreso"
CONTRA,"@Ary_AntiPT @dilmabr @Breno_Nolasco @gleisi @JornalOGlobo O Brasil inteiro ja sabe quem √© o chefe e essa hip√≥crita vem dizer que o PT est√° investigando?? ENGANADORA, MENTIROSA! E INCOMPETENTE, pq TUDO o q essa mulher ARMA, d√° errado, vem a tona e pega muito mal! #ForaPT #ForaGleisi #LulaPreso"
CONTRA,#LulaPreso e muito preso! Vamos de #BolsonaroPresidente e #GeneralMour√£oVicePresidente https://t.co/9M7HG4Dlxr
CONTRA,"@folha O que vale √© o Datafolha n√©? 

#LulaPreso"
CONTRA,@crisotobias Discorrer sobre o qu√™? Sobre #FHC e #LulaPreso serem do mesmo saco? Sobre a falsa oposi√ß√£o que PT e PSDB vem fazendo esse tmp todo? Ou ainda sobre a quadrilha do #foroDeS√£oPaulo que ser√° varrida daqui?
CONTRA,@jandira_feghali A pol√≠tica Federal @policiafederal  est√° com #LulaPreso  üòÇüòÇüòÇüòÇüòÇ
CONTRA,"@adryanrocha @NepomucenoLs @odiodobem2 @delucca E lendo o seu, da pra entender o porqu√™ de tanto √≥dio do bem nesse cora√ß√£ozinho paz e amor.
#MensalinhoDoTwitter 
#LulaPreso"
CONTRA,"@MrLawful Professor deveria ser o servidor mais bem pago. Deveria ganhar mais que muitos ministros do STF.

Li√ß√µes bem ensinadas esvaziaram as cadeias e at√© os hospitais.

#Presodenciavel
#LulaPreso #LulaPresoSempre
#MolusconaCadeia    
#CadeiasemLulaeFraude
#FBIpeguemoLula
#FimdoForo"
CONTRA,@mariadorosario @LulaOficial Eu achava q greve de fome era ficar sem comer mas pelo jeito os PTralhas criaram outra formula que nao emagrece. Essev√© o pt velho de guerra kkkk #LulaPreso
CONTRA,@AnaPaulaVolei #LulaPreso nos nossos cora√ß√µes ‚ù§Ô∏è
CONTRA,"@luluca_21 @alexrebelo75 √â o Amoedo do @partidonovo30?
Laranja ajudando os vermelhos.

#Presodenciavel #LulaPreso #LulaPresoSempre
#LulanaCadeia #MolusconaCadeia #CadeiasemLulaefraude #BastadeCoroneis #FimdoForo #ForaMaia #LulaInJail #FBIpeguemOLula #10medidas
#RenanReu #BrahmaNaCadeia #LulaCondenado"
CONTRA,@luizcbmartins @AnaJliaLouzada2 @clau_carvalho_ @ricardope @Leoni_a_jato Poderia ter sido um √≥timo presidente mas a gan√¢ncia disse mais alto.#LULAPRESO
CONTRA,@ricardope @henriquegtelles @matheus_azvdo Foi julgado e condenado em segunda inst√¢ncia.Inocente onde???????????????? #LULAPRESO
CONTRA,"@CleberBuneko Jo√£o Amoedo do @partidonovo30 √© a ""direita"" que veio atrapalhar a direita.
Ao inv√©s de juntar for√ßas com @jairbolsonaro, quer fazer um v√¥o imposs√≠vel que s√≥ ajuda PTralhas e afins.

#Presodenciavel #LulaPreso #LulaPresoSempre
#LulanaCadeia #MolusconaCadeia #CadeiasemLulaefraude"
CONTRA,#LULAPRESO POL√çTICO E SEQUESTRADO POR UM JUDICI√ÅRIO CORROMPIDO EM PLENO SEC.XXI.PRESO ILEGALMENTE E SEM CRIME E MUITO MENOS SEM PROVAS.----PURA PERSEGUI√á√ÉO PARA TIRAR DAS ELEI√á√ïES AQUELE QUE √â O CANDIDATO DO POV√ÉO.
CONTRA,"@Estadao #LulaNaCadeia #LulaPresidiario #LulaPreso #PenaDeMortePraCorrupto

ENTENDEU @TwitterBrasil? https://t.co/O9Qr45Bh20"
CONTRA,@crisotobias @KelyBarrelin @MadreDamaFestas @lindberghfarias Estranho pq as pesquisas apontam justamente o contr√°rio.... s√£o os menos dotados de intelig√™ncia os eleitores do #lulaPreso ü§î
CONTRA,@mendoncabra @jornalnacional #LulaPreso E ainda √© s√≥ o come√ßo!!!! Bandido tem que fica na jaula!
CONTRA,Sob o comando do ilustr√≠ssimo presidentO Toffoli! #LulaPreso https://t.co/MkQU9Y1kym
CONTRA,"S√≥ lembrando que o fachin liberou consulta sobre a soltura do #LulaPreso
√â agora @SchuldinerSieg? https://t.co/XXVz1bt9OR"
CONTRA,"@claytownn @silvioluiz A Dilma diria:
Quem ganhou n√£o perdeu e quem perdeu n√£o ganhou. Para ganhar n√£o pode perder e pra perder n√£o se ganha e quem ganha perde.
#LulaPreso"
CONTRA,"@AleFlu39 @RogrioBarbieri @bilyguerreiro @abnunes @fluriqui @walpsan @Guerreiro_FFC @Aqipossa @AlexandreMazur @wanderleypires @CleberCyem @cbrflu @akerber @diegomengo123 @ambberwanger @flu_marco @abadpresidente @mpsp_oficial @policiafederal @MPF_PGR @MP_RJ @RedeGlobo @FluminenseFC @celprpaul @JanineRizzo @zpadrao @pauloandel @rjmitidieri @KabessaTricolor @Corinthians @FBI @lancenet @Miltonneves @jorgenicola @andreolifelipe @ademirquintino @Flamengo @ExploTricolor @NETFLU @showdavida @globoesportecom @FluExpress @FIFAcom @sportrecife @ESPNagora @espn @ESPNEsportsBR @deltanmd @ClaudioFpoeta #Globo, PT, Corinthians e #flamengo

#Fluminense #somosFluminense #Flupress #AindaMaisFortes #Flu116Anos
#PunicaoAoFlamengo #Flalusagate #lusagate #flamenguesa #flapress
#Presodenciavel #LulaPreso #LulaPresoSempre
#LulanaCadeia #MolusconaCadeia #CadeiasemLulaefraude #FimdoForo https://t.co/rFn4ZsmaCi"
CONTRA,"@2018_Lulala @BlogdoNoblat Haiahiaa #lulapreso esta √© a face desse partido, face do ladr√£o."
CONTRA,"H√°h√°h√° o PT n√£o cansa de passar  tanto vexame n√£o, √©? Acho que o PT est√° recebendo mensalinho pra gerar uma vergonha por dia kkkkk #vergonha #vexame #lulapreso #acasacaiu #MensalinhoDoTwitter"
CONTRA,"@BlogdoNoblat Esse #CiroGomes desequilibrado esqueceu dele e ficou a elogiar o #LulaPreso condenado, perdeu a oportunidade"
CONTRA,"@diImabr Pq essa galerinha de esquerda √© t√£o mimimi? Est√£o pensando que todo jornalista √© vendido, como acontecia com esses blogueiros que ganhavam pixuleco do PT? A farra do dinheiro roubado acabou, mortadelas! #LulaPresoüôèüèΩ"
CONTRA,Eu comemoro #LulaPreso sim.
CONTRA,@RedeGlobo @jornalnacional Que nota rid√≠cula do  #willianboner sobre o #LulaPreso...√â √≥bvio que um presidi√°rio n√£o pode sair da cadeia pra ser sabatinado...
CONTRA,"#elei√ß√µes 
#elei√ß√µes2018 
#postcomprado
#elei√ß√£o
#presid√™ncia
#Planalto
#presidenci√°veis 
#presidenci√°vel
#temer
#Lula
#Lulla
#LULAPRESO em Taquaritinga https://t.co/WxWMtbShLd"
CONTRA,"#elei√ß√µes 
#elei√ß√µes2018 
#postcomprado
#elei√ß√£o
#presid√™ncia
#Planalto
#presidenci√°veis 
#presidenci√°vel
#temer
#Lula
#Lulla
#LULAPRESO em Jaboticabal https://t.co/uIdnvOn9P8"
