Date,Sentimento,Text
2018-04-24 02:37:11,A FAVOR,PSDB afundaria o Brasil na crise v√≠deo hist√≥rico #esquerdistasseguemesquerdistas  #LulaPresoPolitico #LulaLivre #GloboLixo https://t.co/xy2r24hywB
2018-04-24 02:37:02,A FAVOR,"Marco Aurelio diz que Carmen L√∫cia ‚Äúd√° as cartas‚Äù do baralho viciado do STF Carminha √© o retrato da decad√™ncia e da imoralidade do poder judici√°rio, karadumkudotro. #LulaLivre https://t.co/A8TBsY0PFF via @tijolaco"
2018-04-24 02:36:50,A FAVOR,"Enquanto visitas s√£o vetadas a Lula, Marcelo Odebrecht recebe numa boa seus ex-diretores em casa 
Ju√≠za vetou 23pessoas de visitarem Lula
#LulaPresoPolitico
#LulaLivre
https://t.co/jEt7SdSB3u via @iG"
2018-04-24 02:35:06,A FAVOR,"@DCM_online E Gilmar lutando pelo impeachment indo com A√©cio para Portugal uma semana antes impeachment?
E GM feliz ao conseguir reabrir contas chaoa Dilma TSE?
Os motivos de GM n√£o s√£o os da esquerda embora os favore√ßa!
#LulaLivre 
#LulaPresoPolitico"
2018-04-24 02:33:26,A FAVOR,"Ex-ministro Bresser Pereira, um dos fundadores do PSDB, diz que Lula √© v√≠tima da viol√™ncia judicial: ""Condenar e prender um l√≠der pol√≠tico da dimens√£o de Lula com base em um processo rid√≠culo √© realmente algo inaceit√°vel"" #LulaLivre https://t.co/sUDpwGV43y"
2018-04-24 02:32:40,A FAVOR,"@EddyeLulista Tenho nojo e ojeriza das pessoas que defendem a volta da Ditadura. Ditadura destr√≥i vidas, sonhos e fam√≠lias.Ditadura n√£o pode voltar em 
hip√≥tise alguma.
#OcupaCuritiba16oDia
#EuSouLula
#LulaLivre"
2018-04-24 02:32:38,A FAVOR,"Canalha √© pouco!!!
#LulaLivre https://t.co/rkXCG0CBqN"
2018-04-24 02:32:30,A FAVOR,"A democracia brasileira est√° na UTI, s√≥ um milagre pode salvar esta jovem. Dia 1¬∞ Curitiba deve ficar pequena, pois s√≥ com o povo na rua o quadro pode ser revertido, a voz do povo pode exterminar o autoritarismo implantado pelo golpe. #LulaPresoPolitico #LulaLivre"
2018-04-24 02:30:00,A FAVOR,"Agrade√ßo, de cora√ß√£o, a todos e todas pelas mensagens de carinho que me enviaram, por aqui ou por outras m√≠dias. Vcs fizeram minha segundona ficar mais leve. Um beijo camaradas... Muito obrigada! #LulaLivre ‚Äî se sentindo aben√ßoada"
2018-04-24 02:29:15,A FAVOR,"@esuplicy eu te amo, voc√™ √© o melhor ser humano.
#LulaLivre https://t.co/yNkq9o7OP5"
2018-04-24 02:28:42,A FAVOR,isso √© pq o lula foi preso #lulalivre
2018-04-24 02:28:42,A FAVOR,"A for√ßa da milit√¢ncia n√£o deixar√° Lula isolado. Boa noite, presidente Lula!  #LulaLivre https://t.co/NFyjdODZTk"
2018-04-24 02:28:19,A FAVOR,"@eduardonino Fagner eu boicoto tudo!!! N√£o quero saber desse traidor da P√°tria. 
#LulaLivre 
#LulaPresoPolitico"
2018-04-24 02:28:01,A FAVOR,"Vamos fazer um bol√£o sobre o julgamento do juizeco no @CNJ_oficial ?
Pra mim, sai no m√°ximo uma advert√™ncia, e a√≠ abre a porteira pra que qquer Z√© Ruela de primeira inst√¢ncia espione o chefe do executivo!
E pra voc√™s???
#LulaLivre"
2018-04-24 02:27:44,A FAVOR,@jpkupfer123 Cansada√ßa de lutar pelos que nada fazem para merecer Direitos e Vida Mais Justa!! Melhor mesmo √© s√≥ focar nos injusti√ßados que ainda batalham corajosamente!!! #OcupaCuritibaComTudo #LulaLivre
2018-04-24 02:27:39,A FAVOR,"Ironia, Deboche, Autoafirma√ß√£o... O que voc√™s acham a respeito dessa miniss√©rie da @RedeGlobo que se chama ""Onde Nascem Os Fortes"" que se passa no Nordeste e logo depois de @LulapeloBrasil estar preso? #LulaLivre"
2018-04-24 02:27:12,A FAVOR,"@DCM_online Mil√≠cia ??? Entramos no furac√£o; daqui algumas d√©cadas o olho e  somente depois Luz... 
Se houvesse clamor popular agora seria solu√ß√£o breve e sem grandes perdas. Imobilidade popular deixa outros pa√≠ses em d√∫vida sobre fibra do brasileiro...
#LulaLivre 
#LulaPresoPolitico"
2018-04-24 02:26:43,A FAVOR,"A coisa s√≥ piora.Agora descobrimos que a dona da empresa da empresa fake (Tallento), do elevador fake, √© Maria Clara Baumgart Gon√ßalves,filiada ao PSDB desde 1991! #LulaLivre"
2018-04-24 02:26:09,A FAVOR,"Bem unidos fa√ßamos,
 essa luta final
Uma terra sem amos,
 a Internacional.

#Lulalivre https://t.co/tJrqT3ChQp"
2018-04-24 02:24:14,A FAVOR,"@portalR7 Sem apoio ??
Nunca Jamais !
√â s√≥ o sonho da imprensa
#LulaLivre"
2018-04-24 02:24:03,A FAVOR,"a promessa sai do papel.
governo do PT
o povo quer Lula livre
#LulaLivre https://t.co/lhhJ4cqoxB"
2018-04-24 02:23:39,A FAVOR,"@mulk_neutro √â s√≥ escrever ""mimimi, machismo, racista, #lulalivre"" que tu tira um 10"
2018-04-24 02:23:25,A FAVOR,"@GsilvaCleo O de S√£o Paulo eu n√£o falo, n√£o. Os outros s√£o Vasco, Inter, Am√©rica-mg, Penarol, Bar√ßa, Independiente, Liverpool, Napoli, Treze (#LulaLivre ), Rio Negro, Sampaio, Ferrovi√°rio, N√°utico, Sergipe, CRB e Sociedade Esportiva Vila Braga (l√° de Agua√≠), Cerro Portenho e todos Americas"
2018-04-24 02:20:44,A FAVOR,"A lava-farsa √© uma opera√ß√£o comandada por tucanos fascistas. 
#LulaLivre https://t.co/Ojj5Yo9M7w"
2018-04-24 02:20:06,A FAVOR,"@DCM_online @Yarus13 Martilho... lindo, humano, maravilhoso cantor e compositor!!!

Viva!!!

#LulaLivre 
#LulaPresoPolitico"
2018-04-24 02:19:49,A FAVOR,"Moro afirma que d√≠vidas do triplex n√£o impedem venda e chama ocupa√ß√£o do MTST de ‚Äúlament√°vel‚Äù √â inegavelmente um sociopata! Mesmo desmoralizado sobre a ""reforma inexistente do muquiflex"", o doente continua mantendo a farsa. Grande FDP! #LulaLivre https://t.co/clXKXEqEsx"
2018-04-24 02:17:59,A FAVOR,"@portalR7 PAREM D FALAR BESTEIRAS.NENHUM POL√çTICO. NO BRASIL √â. AMADO E TEM MSIS APOIO Q LULA,#LULALIVRE #FORATEMER #FORAGLOBO #LULALIVRE #LULALIVRE #LULALIVRE"
2018-04-24 02:17:21,A FAVOR,Um SQUAD desses! Que foto! ‚ù§ #LulaLivre https://t.co/XQFlp9vF9L
2018-04-24 02:16:12,A FAVOR,"#LulaLivre #EuSouLula
Diret√≥rio Nacional do PT reafirma que o plano √© Lula presidente e vai referendar oficialmente a candidatura em julho

A presidenta eleita legitimamente pelo povo Dilma Rousseff esteve na... https://t.co/bvCg3kwAcc"
2018-04-24 02:15:46,A FAVOR,@JujuMathiasMar4 @DCM_online DEMORO J√Å DEVIAM TER JULGADO ELE A MAIS TEMPO SE A LEI √â PARA TODOS NESTES CASOS TEM QUE SER MAIS DURA PARA QUEM A CONHECE #LULALIVRE
2018-04-24 02:14:12,A FAVOR,"@DCM_online Esses Ju√≠zes n√£o t√™m moral e n√£o encontram freios, n√© @CNJ_oficial ???
Que Brasil √© esse entregue a esses vampiros?

#LulaLivre 
#LulaPresoPolitico"
2018-04-24 02:12:05,A FAVOR,@JujuMathiasMar4 @mariadorosario CORDO TINHA QUE TER PRIS√ÉO PERPETUA PARA ESTES CRIMES #LULALIVRE
2018-04-24 02:09:29,A FAVOR,"Em minha opini√£o, pela via da justi√ßa, Lula n√£o sai. Acredito na for√ßa bruta do povo contra o Estado, como √∫ltima alternativa.
#LulaLivre https://t.co/O6sRLWSHoE"
2018-04-24 02:05:42,A FAVOR,@margotbisewski @AnnaS_Gdottir @alanpoeta80 @Iasodhara_ @olugareaquimesm @neusinhaschub @EmersonNoronha @pahega @Aninka_Haskel @carlosorium @passarosErosas @pelegrini65 @SSDeAraujo @VianaEliezer @Drico70706824 @TravessoDaJube @salatiel_argonn @jorgegonzaga02 @KummerAloisio @missmoggia @WozniackiCarol @fpwaltrick @Na_pcardoso @AngelJones_1330 @leopenaroz @BilePeliciari @MarcosEducacao @adaogalo @Neusa1313 @Elainegcuiaba @knsantos @Rafa_JC_Pinto @lucianodelimalo @mirtslacerda @p1nhe1ro13 @Depinheiro19781 @kabokiko @TerezaCC @l_urbano @tiesouza @ElzaBatistaFon3 @terezopolitano @EricAmorim15 @eualine84 @gillmarcostta @RafaelaADS02 @damngerhl @RondiSousa @MAURONAMORIM @Marlia61157376 #LulaLivre pra ontem
2018-04-24 02:04:56,A FAVOR,"@lindberghfarias Cara, parem de ir incomodar o molusco. Voc√™s querem articular confus√£o e mais histeria. Deixa o cara cumprir a pena dele tranquilo. Deixa ele ser suportado pela fam√≠lia dele, respeitem a intimidade do cara. A ju√≠za agiu corretamente. #LulaLivre s√≥ daqui 12 anos, meu amigo."
2018-04-24 02:03:53,A FAVOR,"@Estadao @fausto_macedo #LulaLivre quer presidir o Brasil, tirar o pa√≠s do buraco que vcs ajudaram a jogar e ainda ajuda. Manchete malandra, t√≠pica do quadrilh√£o da m√≠dia golpista. #QuadrilhaoDaMidia"
2018-04-24 02:03:31,A FAVOR,"S√≥ se nega visitas a um preso pol√≠tico, certo?

- Certo! 
#LulaEPresoPolitico
#LulaLivre"
2018-04-24 02:03:01,A FAVOR,"@FaimaLima A  farsa da decora√ß√£o foi desmascarada e isso √©  s√≥ pq os coxinhas estavam ficando desmotivado por estarem sem argumento, o pedido pro site deve ter sido de um desesperado por √± poder mais falar do luxo do triplex. Vamos continuar denunciando a farsa. #LulaLivre"
2018-04-24 02:02:59,A FAVOR,"Martinho da Vila pede para visitar Lula em Curitiba 
#MartinhoDaVila #LulaLivre
https://t.co/Td4SqQU31F"
2018-04-24 02:02:58,A FAVOR,"Retweeted Jaques Wagner (@jaqueswagner):

E √© por essa s√©rie de ""atos discricion√°rios"", como ele chama, que @gilbertogil tamb√©m est√° na luta por #LulaLivre. @LulapeloBrasil https://t.co/xgSImnfK4w"
2018-04-24 02:02:04,A FAVOR,"@folha √ìtimo resultado do nosso querido Vampir√£o... (nosso querido Vampir√£o, pq NOSSO querido presidente ele n√£o vai ser considerado nunca)... Com a reforma q ele prop√µe o caminho vai ser esse msm.. e msm assim olha l√° pra conseguir aposentar antes de morrer. #LulaLivre"
2018-04-24 02:01:49,A FAVOR,"#LulaLivre #EuSouLula 
Diret√≥rio Nacional do PT reafirma que o plano √© Lula presidente e vai referendar oficialmente a candidatura em julho
https://t.co/xsJz9lU1rn https://t.co/idxG9NsdT9"
2018-04-24 02:01:08,A FAVOR,"#LulaLivre #EuSouLula 
Diret√≥rio Nacional do PT reafirma que o plano √© Lula presidente e vai referendar oficialmente a candidatura em julho
https://t.co/xsJz9lU1rn https://t.co/2kJPSbBDUD"
2018-04-24 02:00:40,A FAVOR,"Pra cima
#EsquerdistasSeguemEsquerdistas 
#LulaLivre
@JaboticabaTimes @kallilolv @ZederMG @ritalosada1 @c_e_s_a_r_e @Frmarchetaria @b_candeias @pucca11112005 @alexandreas1908 @Castro2Monica @Esquerdinha79 @EstancaAsangria @Adote1Amigo @DilmaResiste @irenegbb"
2018-04-24 02:00:16,A FAVOR,"Retweeted M√≠dia NINJA (@MidiaNINJA):

Matinho da Vila tamb√©m quer fazer uma visita a Lula! #LulaLivre https://t.co/Inq8YKYc1d https://t.co/ZpxY3jWUYs"
2018-04-24 01:58:50,A FAVOR,Os Vingadores #LulaLivre https://t.co/i1rR0d1Y0O
2018-04-24 01:58:12,A FAVOR,"Pensando alto aqui...Denunciado por Tacla Duran,Moro se diverte com Zucolotto ou Zucolottos,m√£e e filho.Ser√° que seus f√£s j√° pararam pra pensar?! N√£o precisa ser alto,s√≥ baixinho mesmo. #LulaLivre"
2018-04-24 01:58:08,A FAVOR,"@portalR7 Sem apoio? Sem visita, por que pro√≠bem. R7 v√° se tratar.  #LulaLivre"
2018-04-24 01:57:30,A FAVOR,"Retweeted M√≠dia NINJA (@MidiaNINJA):

Matinho da Vila tamb√©m quer fazer uma visita a Lula! #LulaLivre https://t.co/uktOh7KZGh https://t.co/a0ubFWCgBL"
2018-04-24 01:57:25,A FAVOR,"Mais claro do que √© isso imposs√≠vel  
#LulaPresoPolitico 
#LulaPresidente 
#LulaLivre 
#LulaLivreJ√° https://t.co/K9vlaZd04J"
2018-04-24 02:30:58,CONTRA,"@teleSURtv @unasur @evoespueblo #FakeNews s√©rio? Estabilidade? Evo tem mesmo plano fake sobre estabilidade pol√≠tica, econ√¥mica, social e cultural aplicada pelo amiguinho Lula da Silva, q afundou o Brasil, t√° preso e com + 7 processos üôÑüòè üáßüá∑üíö#ForaComunismo #LulaPreso #ForaEvoMorales #PTNuncaMAIS 
#FimUNASUL"
2018-04-24 02:09:31,CONTRA,"@VEJA Se soltar este cara...eu quero s√≥ ver  qual a posi√ß√£o das For√ßas Armadas juntamente com a popula√ß√£o.
Ou a gente mostra pra esta corja quem manda ou vamos ter que viver debaixo do dom√≠nio deste comunistas...
#LulaPreso"
2018-04-24 01:59:36,CONTRA,"Pq o @BlogdoJuca sempre coloca pol√≠tica no meio da discuss√£o? Al√¥ @ESPNagora, j√° passou da hora de rever isso. Assistindo ESPN por esporte e n√£o por pol√≠tica. #linha2 #LulaPreso"
2018-04-24 01:57:48,CONTRA,"Pergunta que n√£o quer calar... Lula tem nudes desses caras do STF?

Que safadinho!

#LulaPreso"
2018-04-24 01:54:44,CONTRA,@Estadao @fausto_macedo A bandidagem chega a tremer!!! Kkkkkkkk #moro #lulapreso
2018-04-24 01:50:03,CONTRA,"Veja s√≥ como ela faz aparentar ser a ‚Äúboa p/todos‚Äù, inclusive na prote√ß√£o da imagem do #LulaPreso. Ela vive na obscuridade durante 4 anos e ressurge na elei√ß√£o para tentar ludibriar a na√ß√£o a cair no inferno comunista desses esquerdopatas. Quem tem coragem de votar nessa demente? https://t.co/eihfL2uLSb"
2018-04-24 01:36:45,CONTRA,"#SOSBrasil
Al√¥ @exercitooficial @Gen_VillasBoas 
@geraldomiotto 
@GenPauloChagas 
N√£o permitam esse 
ABUSO essa palha√ßada do @STF_oficial 
#LulaPreso https://t.co/HlZ41S1UD2"
2018-04-24 01:29:13,CONTRA,@leandroruschel Hoje mesmo estava assistindo a entrevista no @programapanico com o @flaviomorgen (dia 03/04/18) onde o @cariocadelegado profetizou isso! √â O Mecanismo trabalhando! Nenhuma surpresa! #LULApreso significa o sistema em colapso nos pr√≥ximos anos e mais dezenas de pol√≠ticos presos.
2018-04-24 01:23:18,CONTRA,"A PF ficou com medo de ser acusada de tortura... melhor ficar no 9 contra 1 do que encarar a Gleisi e Dilma juntas.
#lulalivre #torturan√£o #lulapreso https://t.co/6g0lWgar32"
2018-04-24 01:10:20,CONTRA,"@emirsader @LeonardoBoff Ele √© s√≥brio e executa o trabalho dele de forma honesta, apenas isso. Diferente do seu deus #LulaPreso, que sugou os recursos do povo e colocou o pa√≠s em uma situa√ß√£o degradante. Delira n√£o devoto."
2018-04-24 00:58:42,CONTRA,Presidi√°rio e corrupto Lula √© desmascarado pela ONU. Estudo comprova uma d√©cada e meia de mentiras do PT. #LulaPreso #ImprensaViva https://t.co/TRPJFeyjPa
2018-04-24 00:50:05,CONTRA,Querem acabar com a farra das visitas ao condenado #LulaPreso √© s√≥ a @policiafederal come√ßar a fazer revista √≠ntima nos visitantes.ü§îüí©
2018-04-24 00:48:37,CONTRA,@Estadao S√≥ mesmo estes BURROS IGNORANTES DO PT para insistirem nisso. Ele est√° preso. E mesmo se n√£o estivesse j√° entraria na ficha limpa. Cambada de PTralhas. #LulaNaCadeia #LulaPreso #PTacabou
2018-04-24 00:42:49,CONTRA,@SPD_33 Podia ser transferido para uma cela comum. Ia sentir o calor humano. Ele n√£o se considera do povo? #LulaPreso #lulanacadeia
2018-04-24 00:26:04,CONTRA,"@Rconstantino Tem q acabar mesmo com essa palha√ßada, Lula √© um bandido e est√° preso e deve ser tratado da mesma maneira como todo marginal! #LulaPreso"
2018-04-24 00:04:54,CONTRA,"@lindberghfarias ‚ÄúArbitrariedade‚Äù, leia-se ‚Äúsou otoridade e quero ter mais direitos q os outros‚Äù. Como dizem por a√≠, N√£o √© N√£o. #LulaPreso"
2018-04-24 00:03:42,CONTRA,Isso ja ta virando vergonha alheia... #LulaPreso #Lula https://t.co/pHcohH2Vdz
2018-04-24 00:00:54,CONTRA,A sociedade tinha todo o direito de saber o que estava sendo tramado para salvar o #LulaPreso e o Juiz S√©rgio Moro agiu em favor da sociedade brasileira. https://t.co/nYDtiTBfmv
2018-04-23 23:52:28,CONTRA,@JornalOGlobo Tamb√©m quero visitar #LulaPreso vou fazer inspe√ß√£o j√° que ele est√° usando dinheiro p√∫blico.
2018-04-23 23:51:03,CONTRA,"Eles ficam bem quietinhos para n√£o chamar a aten√ß√£o, querem parecer despercebidos, por eles nem iriam visitar o pai #LulaPreso https://t.co/7CsKf6Z9eY"
2018-04-23 23:45:02,CONTRA,"@Estadao Esse PA√çS √©  uma piada.#lulapreso
#naoreelejaladrao
#somostodosmoro"
2018-04-23 23:20:45,CONTRA,Algu√©m avisa ao #WadihDamous que a d√≠vida da #Eletrobras foi adquirido pela ‚Äúfinada‚Äù #Dilma quando canetou o pre√ßo da energia?!?! #PTNuncaMais #PTPraQue #LulaNaCadeia #LulaPreso
2018-04-23 23:20:35,CONTRA,"@gleisi A  carceragem da @policiafederal virou parque pra se fazer picnic ?
#LulaPreso"
2018-04-23 23:15:21,CONTRA,"@MidiaNINJA @lindberghfarias Uma solidariedade incr√≠vel. Todos os cidad√£os de bem torcendo para que ele cumpra integralmente 1 1/6 da pena e, que fa√ßa uma falcatrua quando da mudan√ßa de regime. Assim ir√° cumprir o resto da pena no regime fechado. #LulaLivre #LulaPreso #DEMOCRACIAFAKE https://t.co/8uhyx0fQQW"
2018-04-23 23:14:40,CONTRA,"@HumbertoReisJr Algu√©m informa esse zero q O PTralha t√° presooooo, eles ainda n√£o entenderam isso, coisa antip√°tica #LulaNaCadeia #LulaPreso"
2018-04-23 23:09:31,CONTRA,@gsamogin @nathalhices @LulapeloBrasil Chata pra caralheooo essas crian√ßas de hj em dia! Vc teve paci√™ncia cara! üòÖ #LulaPreso
2018-04-23 23:09:02,CONTRA,"@Estadao @fausto_macedo Manda um urso de pel√∫cia que faz o mesmo efeito.
#LulaLivre #LulaPreso #DEMOCRACIAFAKE #OcupaCuritiba15odia"
2018-04-23 23:08:00,CONTRA,"@fe_bahia @vlopessoares @KaysarDadour Apoia o roubo do Lula √© sua corja,e a analfabeta pol√≠tica sou eu??
Ent√£o t√°! Melhor ser isso do que conivente com ladr√µes condenados. 
#LulaPreso  e que venha o A√©cio tamb√©m pra dividir a cela. ‚öòüíã"
2018-04-23 23:04:44,CONTRA,@pauloteixeira13 @LulapeloBrasil #LulaPreso #LulaNaCadeia @STF_oficial lugar de CORRUPTOS √© na cadeia
2018-04-23 23:01:49,CONTRA,"@gleisi BREVE SUA SELA TE RECEBER√Å, CALMA SUA HORA VAI CHEGAR QUERIDA, SE  PREFERIR SONHAR, √â MELHOR JAIR SE ACOSTUMANDO #######LulaPreso"
2018-04-23 23:01:22,CONTRA,@LulapeloBrasil acabou o circo...chega de PALHA√áADA #LulaPreso #N√£oTemVisita #S√≥Familia https://t.co/lUYUcomgt5
2018-04-23 22:59:22,CONTRA,"#LulaValeALuta ‚ÄºÔ∏è
#LulaPreso‚ÅâÔ∏è
#LulaNaCadeia ‚ùì

               #LulaLivre  

                     &amp;

                        #Lula2018‚úçÔ∏è‚úîÔ∏è

Que falta fazem os #ConselhosPopulares
em substitui√ß√£o a este #INEPTO #Legislativo #fail
&amp; #corrupto...

#WakeUp #BraSil"
2018-04-23 22:54:51,CONTRA,"N√£o h√° outra alternativa a n√£o ser prend√™-los.Insistem em desafiar a lei,AS REGRAS, justam/ p/ gerar conflitos,tumultuar e tentar salvar a imagem deste BANDIDO IGNORANTE que eles resolveram tornar √≠dolo esquerdeopata.S√£o FORA DA LEI e criar√£o confus√£o o tempo todo,#LulaPreso https://t.co/goTUdE8nSm"
2018-04-23 22:54:32,CONTRA,"@o_antagonista Que meda a @policiafederal deve ter dele! O Senhor n√£o trabalha @depPauloPimenta ? A √∫nica coisa que alguns pol√≠ticos t√™m no cabe√ß√£o √© invadir. Invas√£o de casas, pr√©dios, terras e agora celas? Que paix√£o foi essa? V√° trabalhar que n√£o ter√° tempo de pensar em besteira. #lulapreso"
2018-04-23 22:49:04,CONTRA,"A decis√£o, @gleisi, foi escorreita e baseada na legisla√ß√£oem vigor, e voc√™s n√£o sabem o que √© respeitar a Lei! #LulaPreso

 https://t.co/MKo262j53I"
2018-04-23 22:42:44,CONTRA,"Quando voc√™ se sentir um idiota, leia esta lista. 

#LulaPreso #LulaLadr√£o https://t.co/w0ygqpc57A"
2018-04-23 22:42:07,CONTRA,"Ela n√£o quis, nenhum deles quis, visitar Lula na verdade. Tudo √© parte de um roteiro, encena√ß√£o de uma hist√≥ria sendo constru√≠da e filmada. Veremos o uso nos pr√≥ximos meses. #LulaPreso https://t.co/mtqjoA3kEL"
2018-04-23 22:39:30,CONTRA,@exame √â a Lei. #LULAPRESO
2018-04-23 22:39:01,CONTRA,@folha Saporra n√© festa n√£o √¥ broaca...√â cadeia. O cara √© um criminoso condenado...@dilmabr √© muito imbecil...#LULAPRESO
2018-04-23 22:39:01,CONTRA,"Pois √©..... 17 dias de pris√£o do Molusco... at√© que t√° durando hein!!!
#LulaPreso #LulaLadr√£o #lulanaprisao"
2018-04-23 22:37:51,CONTRA,"Por qu√™ n√£o transferem Lula p/uma penitenci√°ria normal?Quanto++privil√©gios ele t√™m++os petralhas/esquerdeopatas desacatam a justi√ßa,amea√ßam,mas sobretudo CRIAM SITUA√á√ïES P/PARECER EXATAM/O CONTR√ÅRIO,que Lula n√£o est√° bem acomodado.Comiss√£oDireitosHumanos j√° foi INSULTO!#LulaPreso"
2018-04-23 22:37:29,CONTRA,@o_antagonista Que v√° ...e que fique...#LULAPRESO
2018-04-23 22:20:05,CONTRA,"@gleisi Estamos pensando que a  @policiafederal  √© extens√£o do @ptbrasil ... VAO TRABALHAR CANBADA DE VAGABNDOS, LULA VAI MORRER NA CADEIA, LEMBREM-SE QUE ELE AINDA RESPONDE √Ä VARIOS PROCESSOS...@lindberghfarias  #LULAPRESO #LULAPOLITICOPRESO"
2018-04-23 22:19:48,CONTRA,@lindberghfarias Chora Lindinho. O choro √© livre. Lula n√£o. #lulapreso #BolsonaroPresidente
2018-04-23 22:19:06,CONTRA,"@clagraca @Fabio_Lopes_BJJ @ManuelaDavila N√£o maior q a quadrilha formada pelo seu deus m√°ximo! #Lulapreso chupando cana! √â n√£o entorna 51!üòÇ a abstin√™ncia de alco√≥latra mata, infelizmente vaso ruim n√£o quebra!"
2018-04-23 22:18:31,CONTRA,"@nesimachado @LG_CAM @lindberghfarias Verdade. Desejo q o Lula se torne o novo Mandela. Pra come√ßar, ele deve ficar 40 anos trancado. Depois q sair, pode se candidatar √† presid√™ncia. Eu apoio. #lulapreso #PTfascista #BolsonaroPresidente"
2018-04-23 22:17:22,CONTRA,"Porque n√£o leva logo ao pres√≠dio? L√° tem uma galera que ele pode ""socializar"".
Ou voc√™ Lindemberg abre logo m√£o do seu cargo do senado, perde o foro privilegiado e se junta a ele ... Simples assim !!!
#ExtincaoDoPT 
#Lulapreso
#FimDoForoPrivilegiado 
#RespeitaOMoro https://t.co/GcV38EV6df"
2018-04-23 22:12:55,CONTRA,@tomfm_ Sei mt bem como √©. Eu tb apoiei essa desgra√ßa. Votei n Lula mts vezes. At√© q percebi o q a esquerda estava fazendo com o üáßüá∑. Procurei estudar mais sobre o tema. Hj vejo o mal q fizeram e o projeto d poder maldito p o povo. Esquerda nunca mais. #lulapreso #BolsonaroPresidente
2018-04-23 22:11:58,CONTRA,"S√≥ rindo de gente q escreve esse tipo de bobagem! Como se ter algum artista ao seu lado fosse garantia de intelig√™ncia. Depende de como o suposto artista pensa, escreve e age.
#LulaPreso
#GleisiTerrorista
#LindberghOt√°rio https://t.co/WBZC8NK7qc"
2018-04-23 22:04:42,CONTRA,"@lindberghfarias E o que Dilma, Gleisi e Esquivel tem de especial?! S√£o algum tipo de Anjos da Guarda?! Gleisi daqui a pouco, com o tanto de merda que t√° falando, vai ser companheira de cela! Relaxa! Nem se preocupe! Deveria provar as palavras escritas a√≠! S√≥ acho! #LulaPreso"
